path	bytes	lines	sha256	coverage
.babelrc	341	26	05801bd2f50af68049def8a4cca0f83a99e7afe4990728bc38d5829ef8110e27	structural scan
.env.example	7498	145	a76bbc29bb24e2ba1fe7721a055d43d3ab2557389567a5fadd075831837a6eb6	structural scan + targeted tracing
.eslintrc.cjs	6367	131	eed2482cf29104583db087a815841b9121c57500487300256799781877c688dd	structural scan + targeted tracing
.github/workflows/guard-client-branch.yml	1299	36	e428c297420bee7631c3fbbf6e9fc2e777c27e6e207fae705173ad2644d1b78b	structural scan
.gitignore	1727	87	92ac5b2b16c34bfaf24d3d84b69953d189b1339041f5d557b609ff2e8f4d6c35	structural scan
.npmrc	35	2	8ca71469ddc9d4a4d5b94d56cdf00830c57515a3bb2b07f4deda7064969e482b	structural scan
.vscode/settings.json	59	5	0c097c67a5bf23a71b6d4f3396aa24dc42f763787aa677093370cca31e49b44e	structural scan
README.md	130511	1462	bdfd0f27126325bcdd2f80569203d20e091ec9b5472a033ed1852755de387d9b	structural scan
backend/.gitignore	6	1	bb1aa666fd6ad90d04ecff9c442ea7fe66d702991388efa2512df1bb723e117f	structural scan
backend/README.md	9645	201	6e8759fdb69736bca99a5d8939cc851d60b18030abc336256f4eb5697bcec939	structural scan
backend/lib/auditLog.js	8675	161	8ebaf36dfa87a53f31432669214a1c3dfe7f2199e6a02edfb901514e0e3304dd	structural scan + targeted tracing
backend/lib/backupKms.js	7170	187	8120683e619e27c136f830db3347f8f4b8b64270bd8535ebecc1a4c615486be1	structural scan + targeted tracing
backend/lib/backupService.js	25312	531	9b5214df6ff5c60d58eb6092da704e704a16169c6e1211899c496cd047fea1e3	structural scan + targeted tracing
backend/lib/backupVerify.js	4921	97	b6661c9fd64f979e8fbe9a00900751b9b5fc9ddc6c42835dcddd3cafea9de7ea	structural scan + targeted tracing
backend/lib/customizationValidate.js	13422	240	e6c89888e44b172e6820a2bc2c07651aafb6761224e056c5bdff6dd2adada9ea	structural scan + targeted tracing
backend/lib/fieldOptionSeeds.js	2156	51	c264ba166e08c3084db0be6f644ae7f0ddb7fcad9550fc071896dfbedcfa6fa1	structural scan + targeted tracing
backend/lib/fieldOptionService.js	12573	313	fe547a5021500a000ae71731ce607863b0384dbaaf5814277655e55d3e40766f	structural scan + targeted tracing
backend/lib/openApiFieldSchema.js	37692	439	fa7b25eb71d421a47644308de87ac4fbf3ca8ee443f5dd2905ee08f0321724f0	structural scan + targeted tracing
backend/lib/openApiGuide.js	25640	275	5b16fdc4c731101ce675cf0d1f42f25f4cb91f7ced2fed0051043862af9b74bb	structural scan + targeted tracing
backend/lib/openApiKeys.js	3466	97	c48b020322dcab9371cf2cdbf80f42f7035dce3b3f447a31f6e6225f4c35a366	structural scan + targeted tracing
backend/lib/openApiScope.js	23716	516	a9f5f197febc7f25f6094fba65daca1d572297b9a0858a18bbf72b18c9511709	structural scan + targeted tracing
backend/lib/recordNormalize.js	21752	473	6e6e096b47141477b9323a300e31d8ba55aa5cf480170f09c4e7d581e05bba4c	structural scan + targeted tracing
backend/lib/restoreService.js	13686	256	7df85d53bbdbfdb2b577de03c4d27c8f2b44331b4a1c542478b47a6858562927	structural scan + targeted tracing
backend/lib/restoreSqlUtils.js	12003	228	66a6fd7cff3b4d898f7c76eee454b1735993aa52973c230f9fdf03879d421fa7	structural scan + targeted tracing
backend/lib/sanitize.js	1898	51	288c57e39654c22352953e880f3a8111f4fe8f65e69809b3c68f7129060f8e24	structural scan + targeted tracing
backend/lib/schemaCompatibility.js	5319	146	b4d24b65f22ff50723de1f2cf171b21bb708dbf81b7f5751189b7ca6201cc8a9	structural scan + targeted tracing
backend/lib/schoolAdminPurge.js	4094	110	0ba619833e3a17b98c7c08a5c12644008b615fb4f0ad85b6676afd9e7daa5ed8	structural scan + targeted tracing
backend/lib/securityAlerts.js	8344	161	140178805229e6ad77fc9a9915713a695b8f8a5e04f9c28be772dba1881fcfbc	structural scan + targeted tracing
backend/lib/securityGuards.js	6844	150	4bffdccacf5f81ed7bde8ac9111c0c1bb41391afb513643866e22e7b95077149	structural scan + targeted tracing
backend/lib/tenantClient.js	6158	133	039ce4dee89064f2022ee7b0c243484cbc7bb1a62ce63c3a024816a5d016ad61	structural scan + targeted tracing
backend/lib/tenantProvisioner.js	14480	277	d2c049aaae084c0120477cd1e1f9892aff541c34b6086042ad7847944d33ad08	structural scan + targeted tracing
backend/lib/tenantSync.js	11689	211	01c50438f4ff42c051e6d3d343791629b18e3d33bfa98c9c93212e85fae82eb8	structural scan + targeted tracing
backend/lib/testCaseDefs.js	34552	154	52f02aeef8ef2e8f9f5cda727a6e44d9f5f89cd6dbfc0f2a28f6eea345363932	structural scan + targeted tracing
backend/middleware/authMiddleware.js	28963	599	d3c393480ebd8bfcdeaabada87f7d6ccf0340f7716d34e037043c0d3c4c2c802	structural scan + targeted tracing
backend/middleware/idempotencyMiddleware.js	3058	87	f6fb13d7769cee71725692acc4634fac32ab7f08f5b8784ebfe36818def1d10e	structural scan + targeted tracing
backend/middleware/openApiAuth.js	6116	139	df4f67ca58863ea2a9c0528c1f3257cad27c1b75da94c8ad528d0e22da42db9e	structural scan + targeted tracing
backend/middleware/readOnlyMiddleware.js	1215	19	77c9b21bdbb45d1c307011dda0acb5da3a7045d258a1f8201df54ca25df80e3e	structural scan + targeted tracing
backend/middleware/tenantMiddleware.js	1051	23	57da26b7d95528c2e8bf4416bcc0201b8dcf6a1b9acfbd2be37c8605ab3731de	structural scan + targeted tracing
backend/middleware/validationMiddleware.js	11371	430	ac502a2f908e45a8c711751f21b26eecf5da825c7e03fc7e4b21a5bc0047a78e	structural scan + targeted tracing
backend/modules/UserManager.js	62820	1535	fa020e4d1c9e480e68e71db700ec79faa835d5094c2964b698cda8969dfb7982	structural scan + targeted tracing
backend/modules/recognitionQueue.js	5885	139	a24c918176675c98852a735fa15bd7abe3482e8eadf07f400676dfb0fef3dd41	structural scan + targeted tracing
backend/package-lock.json	41009	1122	9241ab5df51a4436046cbdc2100b78d90a90c84ea4f68fd4505b1f4ce7e78d8b	generated/lock inventory
backend/package.json	1167	46	2232f22497f694ada80955e7284a149bcbfbda0c4d327f838b99aa695312740f	structural scan + targeted tracing
backend/prisma/constraints.sql	2243	59	5eb5adf66d7c3a99eee3ceb60feef83df1405dd2b945aeabec4d0457247ed60f	structural scan + targeted tracing
backend/prisma/dedupe-test-records.js	4488	185	4aad067cc473ef031a2bbc112ecfae455d1bfb7cb53a630001d3bcf5527c8ad0	structural scan + targeted tracing
backend/prisma/migrations/20260726000000_baseline/migration.sql	9815	303	c22a386cc2950e18e1d3b1d47f8cf055371be271b8909fae6413d6b01ba19048	structural scan + targeted tracing
backend/prisma/migrations/20260729000000_add_must_change_password/migration.sql	554	6	73745a2640185b1c2e6ce66dc14e435072ad5ee12198e0662c6c59420aba4e36	structural scan + targeted tracing
backend/prisma/migrations/20260814000000_remove_backup_model/migration.sql	599	15	42b99992bd724d77d9ff2691a06dd83d8222b67d045cc77b8d2ec5886f7c42ca	structural scan + targeted tracing
backend/prisma/migrations/20260814020000_unify_school_customization_text/migration.sql	2184	25	a9ebb76c2d6b8772a60d9fa72d348b1a02c9d86e428d848e6bebb47a54bd8448	structural scan + targeted tracing
backend/prisma/migrations/20260814030000_revert_customization_to_jsonb/migration.sql	2088	23	a53e2597942da9c94d053ff9da844f0c5c3ff593aa12c2612c342be7edd70ffe	structural scan + targeted tracing
backend/prisma/migrations/20260814040000_json_fields_to_jsonb/migration.sql	3447	67	da8d6f408529ad849e37db7c70569cd4998fc61670a86bbc34d71c0a07a1772f	structural scan + targeted tracing
backend/prisma/migrations/20260816000000_add_school_short_name_unique/migration.sql	952	13	8efb3856c67065abeff11a466fa51b727fb1839443c1070da57d57c35738e46d	structural scan + targeted tracing
backend/prisma/migrations/20260825000000_add_frequency_threshold_calendar/migration.sql	4008	83	c3ef86c51ff8f19ab628401794f75af9e1c9f510ca0f97173dc74ee0609468f6	structural scan + targeted tracing
backend/prisma/migrations/20260825120000_test_report_rewrite/migration.sql	2810	57	3e4ec2bc57b415ad8889028c7b89cc69302e539f34a902d815b8d616ce0b5325	structural scan + targeted tracing
backend/prisma/migrations/20260915120000_open_api_tables/migration.sql	8760	186	69d10c487793312e3cbdb01e4883f2457d225958314348221460d01e0433929a	structural scan + targeted tracing
backend/prisma/migrations/migration_lock.toml	128	3	99836963713b4f5b269ad49af0ed3d7b0b2e336115c2f92dc9ac683d139d0900	structural scan + targeted tracing
backend/prisma/provision-tenants.js	2739	73	a3ad87727e7d511563356833a3c382ed8f33415741c0965aac5601b596b9121c	structural scan + targeted tracing
backend/prisma/role-audit-trigger.sql	4981	96	5f1f275b275c98078f2548a25181d298f2205bcaeecedf54c0732cc04e86d60d	structural scan + targeted tracing
backend/prisma/schema.prisma	25174	516	e57d75650d5ea3ba6a35f01d114a8b9a2b10e33e04e5e66d1f291cd2c7ddb27d	structural scan + targeted tracing
backend/prisma/seed.js	5131	129	ed50375d617d1e646b69157f17bc6040ae36b50d8429569f87e3a938d6f6acc9	structural scan + targeted tracing
backend/prisma/syncBootstrapPasswords.js	2494	76	e3d38dbac70fae3dfc8d6aeb665040234b57069c979cad99de348951308460cf	structural scan + targeted tracing
backend/routes/adminBackupRoutes.js	32907	648	dbeaca7a0156fc14fc064fbbc74e24ea5a182563e210ca7b1c81025ed24f704c	structural scan + targeted tracing
backend/routes/adminDiskRoutes.js	26754	538	ec57af6b17f0b4c681d6b6d768bbe87cdba1881e9cf4a40db2f457304e989f7d	structural scan + targeted tracing
backend/routes/adminOpenApiRoutes.js	52051	960	769890ffc3e93774d63a696a16a4b29463c6d8954f540857adc833685e93f708	structural scan + targeted tracing
backend/routes/auditRoutes.js	20180	496	788a5ba8cdca765ab1d70997c989ac107d77f5d0cb63cbbb4f78867dfb480575	structural scan + targeted tracing
backend/routes/feedbackRoutes.js	12273	274	60c13f278c669ca583692d0bc44546b2ac89373dd7c37bd6d741ff0d12905240	structural scan + targeted tracing
backend/routes/frequencyRoutes.js	14058	315	756f553e7a21a28a4b6d39910adba5ce447b6ba1727df0c8915d82ff7134b45f	structural scan + targeted tracing
backend/routes/guestRoutes.js	12351	260	1d6140ca49eb731efd22d82bcb98b6ae97204ebfafbad3d38f94808a49a77fe8	structural scan + targeted tracing
backend/routes/openApiRoutes.js	39090	719	f1f0e1e8a5da2c728af27e97d2817a1b2a0eb31636ddc3b66fbc01bfbba83841	structural scan + targeted tracing
backend/routes/recognitionRoutes.js	3336	72	bdbec60c5dc64c4ade3c223b2f3d098dfa2a3638840ba0d0161cfd76ae673aff	structural scan + targeted tracing
backend/routes/recordRoutes.js	44241	880	bba02a7c4e6173de5e71964ee5585643303fc8d52a21525aa87ec35cb6dc80e2	structural scan + targeted tracing
backend/routes/schoolBackupRoutes.js	17341	398	9d1def8d81b2d1fddd3620cceed15811475c5591296dba4f72494691547bf3a7	structural scan + targeted tracing
backend/routes/schoolRoutes.js	64015	1166	06886aa1533f2f47d842ce327f66af17266a07c74cde0b8c3cbb7c54016a462e	structural scan + targeted tracing
backend/routes/sessionRoutes.js	5708	143	78ff0070baa4c8dd13765d98d86a728adda174d2419ded9b98bdaaf2f991f9c5	structural scan + targeted tracing
backend/routes/syncRoutes.js	21229	375	85db6044d58eaeb0849db7ed6a3a22fc4525d4de54c8bb7068d69b8f9587dff0	structural scan + targeted tracing
backend/routes/testResultRoutes.js	23289	455	a2e8fb9ea16795f5eb99aa194285dfd4df510a21c98825b5c6db52702ff50443	structural scan + targeted tracing
backend/routes/userRoutes.js	34889	701	f69f5a66e0a56105d171fe0f552b5bcfd75739acd0a185e0c40e0b6e0b6c8cea	structural scan + targeted tracing
backend/scripts/003_backup-now.mjs	3302	77	00be4894209f09f8e4df4d9c2e70a84c7547cc22766a921a42cb11a8808859d9	structural scan
backend/scripts/004_backup-verify.mjs	1799	42	e0cfbe33787c9e80f18270bd4162adaa36eb0e087c7731227adffab9bd233c72	structural scan
backend/scripts/005_cleanup-old-schemas.mjs	6179	139	0fb5673a900db3b017e2c23d14a5591b3e1698a4759ca662516e92bdbbb0f427	structural scan
backend/scripts/README.md	4927	100	781c9c174abd87af605fbdc15494bc4393d1df811532648cd5c36c5100d41b55	structural scan
backend/scripts/backup-delete.mjs	4198	117	3d2d2688b3d74c4aaf7d3687abe654020200662f0ce539d21ef22ffbd32ba4b5	structural scan
backend/scripts/diag-aruco.mjs	2189	57	45e27bb34fed2e4a0cd68562390ee025641f8ff7dc57454da9676142cf16eda2	structural scan
backend/scripts/diag-perid.mjs	1658	40	2685c7950e317a7f891703fc56efc2475f004062998f70d1a7d573c993807303	structural scan
backend/scripts/fix-canteen-from-location.mjs	4909	122	c1f138e31ac99d906c7ae690b942b63b63ff73317d332e998936145fc63b6c91	structural scan
backend/scripts/import-backup-local.mjs	4838	131	2af12c007f3470290d0b0a465afb10bbe183e822fec6f64f7a174c6788ec903c	structural scan
backend/scripts/import-tjb-backup.mjs	9510	207	095d18317f2f20ae66f9e6c87f1ff96f8de9082e010cb93361383e7d469bf96c	structural scan
backend/scripts/import-tjb-sqlite.mjs	8693	198	7fc4fe0facf3d387794f7a1844331e26a20a259a8f86b5163535499b590e8656	structural scan
backend/scripts/import-zhyz-backup.mjs	8346	188	ee4aad79e3c271cf08dd233c62a3851a85b2bf3c2a92d19d4a3498e61ddb0825	structural scan
backend/scripts/verify-backend.mjs	1798	36	6f72fd44f26666db2bb2e96d2d9058bba778a2aecf4b149a7a8a80180f95aa59	structural scan
backend/scripts/verify-grid-full.mjs	2657	60	cfa83a2f4692705c589dc33983f8ef4dc0464c8c9911166b924ae6ef1d25ae1e	structural scan
backend/scripts/verify-grid-v2.mjs	3984	82	f391ce7cef5aab8bb0b363a4d20eb222df1ac7a509470722e4ed5676ca3c797e	structural scan
backend/scripts/verify-grid.mjs	6483	123	9deaea11cef93434b703df3057a8157d87160fea0613e2880ac14f350b9b9b10	structural scan
backend/scripts/verify-manual.mjs	2154	48	edc5d8f956888cb95fb0cdc9519654c3bf1124fbd433a6aca1f0940022211d5f	structural scan
backend/scripts/verify-marker.mjs	2507	71	196ac4a2ee3bb191ce3b08d9911f46d2345d290de720c37b8cd5d8be4a0ec6a1	structural scan
backend/scripts/verify-opencv.mjs	2263	57	63314d3e2fd12d3ff029987fa76d6675738170fba6ad6862f0a69cad3d2a9611	structural scan
backend/scripts/verify-recognize.mjs	4274	104	a2c33fe985518d0dd8769c97632cb47ec04545d7ea95fe5c755227ac3685cc3f	structural scan
backend/server.js	23117	448	fe3d302fb64dec05035ddebe46738772d14bff17381338107c2f4e9c7fa99229	structural scan + targeted tracing
backend/sync-tenant-schemas.mjs	1866	42	dbe81c729b78cf67cdd47806bcfb40f8d31da77579dba5fac835f9af4ad83dc4	structural scan
backend/tests/_isolation.mjs	5245	103	5a795381a8d9998981421c4914cfa53c28325b9140555c5c566d3f598073b718	structural scan + targeted tracing
backend/tests/http/internal-write-http.integration.test.mjs	20136	340	24ce12e1a8653a2e3086659b6ae745f089a0173de6a11ce86807286038386a34	structural scan + targeted tracing
backend/tests/http/openapi-http.integration.test.mjs	24014	415	1965a70f6e4d062759cd066463b3c43b54ce7488dae96bcf72f8d3587a6a5cea	structural scan + targeted tracing
backend/tests/openapi/admin-guide-render.test.mjs	4596	80	e869dfc2564519238e905ab24acf2343293823c8d059f8d9a30f8a214574f451	structural scan + targeted tracing
backend/tests/openapi/contract.test.mjs	20409	342	f678e2ee640c0b1c0cb41a8f7c84ab38104260bf1d60927a3bd300959a8da098	structural scan + targeted tracing
backend/tests/openapi/db-readonly-checks.mjs	14060	254	e68cd783c69a071b80d152f0ae9be0427e2d5091aa0a40b920784b373c7f3479	structural scan + targeted tracing
backend/tests/openapi/f6-upgrade.test.mjs	10535	172	12b4bba009449d10b9a457997253b940699492012dd9b1170ce9c072546f512c	structural scan + targeted tracing
backend/tests/openapi/package-contract.test.mjs	25043	435	a30bdc96e923ca2496d851c847ea94d6753d44c3a83045c9fedbfea97eb9dd88	structural scan + targeted tracing
backend/tests/openapi/projection-contract.test.mjs	8949	158	fb2b29262be51e1b8d2c24dc6d3d08aa6992c72956d6b019f68a954d0c3df462	structural scan + targeted tracing
backend/tests/openapi/sample-schema-conformance.test.mjs	11708	203	15fe09b021a047720649d479702d1130e54dcf047a67b80981270357709cbe0e	structural scan + targeted tracing
backend/tests/openapi/stats-date.integration.test.mjs	20129	357	98c557872e6d8da67c6ec913c577792510ecbea2ce061c2bc27d1ddd275b2572	structural scan + targeted tracing
backend/tests/openapi/sync-client.test.mjs	14714	278	f659790b4894d6af8033fc8971f9ce68abb0a7333873d9c4ff961f8fc7743748	structural scan + targeted tracing
backend/tests/records/db-integration.test.mjs	12425	212	405e7f5120b864a538afd3d471a6d574b2c13494f55d60b52bf9f56dd3e2a821	structural scan + targeted tracing
backend/tests/records/isolation-gate.test.mjs	3369	67	6e56c8f641096b81c1ff1b388fb1cb73c0a8a7199cd03a4a86baa6e91393a595	structural scan + targeted tracing
backend/tests/records/partial-update.integration.test.mjs	21426	367	1017dd6904a6062a78e38324a3bc7a51a50bf588ef93e783cbe1cd88d96ad9a6	structural scan + targeted tracing
backend/tests/records/record-normalize.test.mjs	12648	234	b1e74a09a2a04fa5b53fd6f95b881e9b05d73dca662d563d1587f1a1df7a1750	structural scan + targeted tracing
backend/tests/records/route-write-paths.test.mjs	18573	359	498ca29b855be7fecf341246a1e07ccb8898bfcf2a07e060028b448ddefc915e	structural scan + targeted tracing
cypress.config.cjs	1183	27	b3be9635a5b4f6141945f5a5533ed725c476cf44016dd54d5d96e494ab1fbf79	structural scan
cypress/e2e/login.cy.js	901	27	61ca6282f45126b05ea09232be61b40780ce350b1a8f29a25c3a9e998ca86f7c	structural scan
cypress/e2e/records.cy.js	1623	57	493909f69778b309983a8188bbdfe213f657aaae78919cc64f0bbd39ac4dadcd	structural scan
cypress/e2e/smoke.cy.js	917	22	a98f5e8434a8a7813f2ebacf1b5287b802b639e7c4b6734d8557cfbcd5895731	structural scan
cypress/support/e2e.js	1667	39	f2a7c0a0be70c3130c67a3fd7524d106d811d1a688247eab2671c1654efa0d9d	structural scan
deploy/DEPLOY_READINESS_REPORT.md	14617	169	620b90398d98eea1dcfae90a47a0aa89d6ddce5a041e2f874e04401cfabcb8df	structural scan + targeted tracing
deploy/README.md	8999	123	ac812a7cde3d031a937504606ed481c1e87b55f133e06b664e9d9154e6c15367	structural scan + targeted tracing
deploy/deploy.adapter.example.conf	3612	69	a1989fdaa807604b234c84dddf933d05991bf9014591028495d1e43090a04d45	structural scan + targeted tracing
deploy/deploy.sh	51223	960	a227a37efb372d994ddae7b10ff015d1aad695c40a50c2487994b8089f381b59	structural scan + targeted tracing
docs/CHANGELOG.md	5211	90	177944813b660e866947e82b27158b92eb89660b0d88c958d363a61815b4c64a	structural scan
docs/DEVELOPMENT_GUIDE.md	38638	505	e4c0096186b4f3a0c31aebc41db3b23f3c30de77c8f09d913a3b9f16671610e5	structural scan
docs/OPEN_API_INTEGRATION.md	30564	404	34e78752e277a0a21ae049d49b3d674a96dca8822c5b08b3ac72a4be93b105f9	structural scan
docs/PROJECT_CONVENTIONS.md	27602	233	d97c244641ca0e7b884584fdf5ab7292fd2b288248f5bb289219311f9880b8d3	structural scan
docs/README.md	14950	155	3325c86a150ec223492f26a1fc00326e874f0da5fbec3a02562c5930eba59df5	structural scan
docs/TASKS.md	32029	280	40f425ec8f2be5dc18d42d31c4671885936399fb2e0148bb47d49870b840404e	structural scan
docs/api/customization-api.md	2357	55	311602157a57e90260c96492d6c6068e8ad1b796e91427830ffa83a2f0b725a8	structural scan
docs/archive/README.new.md	3108	44	ca16c8d15873f61d3570515aae570f7c2188fd597b1c34c3d396e2be4a4a5db0	structural scan
docs/archive/README_DIFF.md	5944	56	be058eb358040c11b6d135969aac834d56c1d5ac063be4768e8f3dd1b09ccf3f	structural scan
docs/archive/README_REVIEW.md	3326	34	68a6e2c920bf3c52173b26933029bcd19b0d3457051ca05c1e1211436ed81db8	structural scan
docs/deployment/backup-module.md	10901	216	fd717bf5937556bd228f4a1d855fb0e3f1c8f0251d48df32fac8d55318b0c817	structural scan
docs/deployment/capacity-planning-and-p3-closeout.md	10902	171	671772e9bee7ed0adada73787ab4d65192b84bf81d8d089c736fb86ca5cd4ca5	structural scan
docs/deployment/dev-test-deployment-guide.md	17759	342	e3b835c4e2367a92f5994f1e45ed77b9dc040155d49da66d1a93bb278a208d93	structural scan
docs/examples/openapi-acceptance-kit.mjs	14670	209	b7802331fd6245fc81bf1244b40b26d290deb234fd1a3b9f910def9f7eea4543	structural scan
docs/examples/openapi-sync-client.mjs	21908	405	b4b6fb6c3aa7cbf0c5e438c3af0a7482c2a217dc3bcb5b5db97abb2f70828c0c	structural scan
docs/fix/待修复问题深度分析-20260817.md	47291	531	28a508183c68df622ea9a01f747c90a6cff674138e6d57a46919b24d74284940	structural scan
docs/optimization/ARCH_OPTIMIZATION_PLAN.md	14374	175	2cb17c460879da922b666474b83280d7cfd14a93a58f33c169c7601ee439f456	structural scan
docs/reviews/APP_PROTOCOL_CHECKLIST_20260917.md	3683	44	6248b123198d9a75a8448c5a521d8d7d6102c4f1ecdd4ea852026e52454fd7ad	structural scan
docs/reviews/F9_DUAL_METRIC_CONTRACT_DRAFT_20260917.md	4223	57	22c8dd999081f4838a6ce4cbd7a613371ac3d1ea14b65105755c039f57a4ab26	structural scan
docs/reviews/ONBOARDING_TEST_GUIDE_20260923.md	7628	97	7b4a613bdf36938103f8c96a0a693bab7484fd71a448c0320d2fa5bbdb3e1384	structural scan
docs/reviews/OPENAPI_F1_F8_RECHECK_AND_HTTP_TESTS_20260917.md	27972	309	a85be8089e9e61bf656fe437b6df7094fb6adef12a879bf4b091031624449685	structural scan
docs/reviews/OPEN_API_RECORD_NORMALIZATION_REVIEW.md	55588	453	74839f2d53ba191e5135d52cad08d2467cb9e92929a9889d2c4e6bd7292e5756	structural scan
docs/reviews/OPEN_API_STATS_AND_CONTRACT_FIX_20260916.md	16124	184	20a5e9c7884d9fea1576d2e2756f7d900f3d01439079acb22d062661fe958681	structural scan
docs/reviews/PENDING_TASKS_HANDOFF_20260917.md	17394	209	4beef5c867a6d6cd61d53d85397a557ee1cc7ea4ce054f927d51cc3eb1f71d21	structural scan
docs/reviews/RDPMS_OPENAPI_P0P1_CORRECTNESS_FIX_20260917.md	27147	274	0bf7e307e04b2080eb1275c01ccbea587815a4165445f317132a0e143a2dff88	structural scan
docs/reviews/THIRD_PARTY_RESYNC_ACCEPTANCE_20260917.md	3780	51	4d7171547486cc1e683e8f5d3eea92a97b093221100d3c4973d25bb48be0a3fa	structural scan
docs/reviews/TPM_UNIT_VERIFICATION_CHECKLIST_20260917.md	3250	42	500ed7a7274ac3727704c9f3d7d493d0c3c61e23fb3df224e69072b0428cca4f	structural scan
docs/reviews/onboarding-pack-sample-20260916.md	30856	598	4db8c4fd706cbc98f405772396e74f9e976e3d6a70e9dc8aa3ae4e57f9155bc9	structural scan
docs/reviews/onboarding-pack-sample-20260923.md	53676	903	5ab257f20eaba97afa9bb83aba3fa5d623d3a40565b4c88dd46019fa0ded77f1	structural scan
docs/test-results/README.md	1545	25	4bb9a1a4d1f72c2d08f49a9d11c25cffb9bfece3e5853eb7a570846cfaf0e4f6	structural scan
frontend/css/admin-schools.css	31926	810	9e30971f5a658ed9b8202214d9c225567896858d1e93c401bd6eb41f19036fff	structural scan
frontend/css/detergent-demo.css	17070	425	aee3a39b4b6ec7884eb3c88cee4adf9f7845a588ce09f38e067af659274214af	structural scan
frontend/css/help.css	13686	294	adef9a1fa91636df233c9e046014aa701222faa9e05ebde2389858c4755b4740	structural scan
frontend/css/style.css	9603	208	2f6bb462510abb3bb70e289def4a2105e23427121e871631bd8acdd5a3e5e59b	structural scan
frontend/css/tailwind.css	69221	1	1e8c6e2a8f0f1827f36828693f727bc567b24cc2e5cb4fd988376d7b0e68a5bc	generated/lock inventory
frontend/css/tailwind.input.css	9123	257	b3b4a9dc8817ea3796371c03257b125fa5b0caae75cffa27b1e1015115416d30	structural scan
frontend/css/vendor/fa/all.min.css	102025	9	1edb1725a9ea8ca4dcf2f5508cee183218aa1685e47c1b23056717f754f58ebf	vendor/resource inventory
frontend/css/vendor/webfonts/fa-brands-400.ttf	187208		20c4a58bc9d1d69e935d06f1528923646a715be5e218665655cade8f5f1b8c00	vendor/resource inventory
frontend/css/vendor/webfonts/fa-brands-400.woff2	108020		748332090c4b8e20f95d0ff59f0be20fa9c889359d3b36d4b886d73376054207	vendor/resource inventory
frontend/css/vendor/webfonts/fa-regular-400.ttf	63952		528d022dce6725f8a0811fd91d8e6513445c81ef33353a5c3234eab932551abf	vendor/resource inventory
frontend/css/vendor/webfonts/fa-regular-400.woff2	24948		8e7e5ea1b15f62ab14dbd41768e8fbcd21cc859a4ea5da812457ee714299fb35	vendor/resource inventory
frontend/css/vendor/webfonts/fa-solid-900.ttf	394628		67a65763c7f80903d81603bbeb9049fc2bf28508479b83ed011fe24c71fa950a	vendor/resource inventory
frontend/css/vendor/webfonts/fa-solid-900.woff2	150124		7152a6933ee3d690ec2af3d09da9d701723d16aa3410a6d80f28ff8866f3b880	vendor/resource inventory
frontend/css/vendor/webfonts/fa-v4compatibility.ttf	10172		0515a423f828ce4e6accf92a2ea0b03d19d31cc86d9af0373291e1fd4db5f348	vendor/resource inventory
frontend/css/vendor/webfonts/fa-v4compatibility.woff2	4564		694a17c3d9d6c05f8aac63c544615552a4b220e9a4de863d87341a6bcfc1bc8d	vendor/resource inventory
frontend/demos/detergent-image-demo.html	7126	135	b54f93d3179feac2c1472772b4cc9518c1bbe2235e3a0fd600537966bff231d2	structural scan
frontend/js/config/appVersion.js	9192	173	abbe10ef5a18eaf59a2393999b2b1167bfe62f5c68de1c07deaed6757e42ca64	structural scan
frontend/js/core/AdaptiveUploadQueue.js	11839	325	0c8beed97d2270e768b37237c89ede55a94595156505c99eecfcadc12c35342d	structural scan + targeted tracing
frontend/js/core/Auth.js	2456	52	9699f24719838bbd37fa52917e146cb3cfd96ba20cc0dc5d0e1514e068a8300e	structural scan
frontend/js/core/Router.js	21182	553	eacc1026449736da1cc01cab2461258db8a850c77e0c13a22dc654de65e842e0	structural scan + targeted tracing
frontend/js/core/Storage.js	37454	906	340f78b5acc59179aa9e22808d372400a226dfad4b0b06d12df5e00b427ab291	structural scan + targeted tracing
frontend/js/main.js	24421	481	63611ea7db69e27ffcbf75da2fc0449921e32a86ab2e528b3b571b78c21e7819	structural scan + targeted tracing
frontend/js/modules/AuditLog.js	33844	682	1d9117f272509437db55730ffeed2016f7c8f7ef25507534ab0eb2e82413432f	structural scan
frontend/js/modules/BackupRestore.js	29690	524	c8de440839d35b0ce1376c1195588eb0410ba520895e4658a1ac7f525d9353a4	structural scan
frontend/js/modules/Dashboard.js	87791	1854	fd75776e4c069ec63450515a4fff33e4f516e5590c8199e88d1e9bbe3a5bd81d	structural scan
frontend/js/modules/Feedback.js	7243	182	1b0aa1cf7a6b400e74f4a2a8b7034997b5f5fb695842f644bff68b83745770a5	structural scan
frontend/js/modules/FrequencyModule.js	22696	407	70862bc0c2df6644a3184f04e252c687ff4e67225fd619de432560f8080fe975	structural scan
frontend/js/modules/GenericTest.js	71594	1392	b0eff7683323fbe1b1ae4c8d223367dd1051e8cd1ba4ad4832353c64f7912b07	structural scan + targeted tracing
frontend/js/modules/GuestDashboard.js	15585	322	29f44347a07e6a7229f9eda5482b4ec4569e67a0abc355094af4cda0d6e45c0a	structural scan
frontend/js/modules/Pathogen.js	88885	1782	aeb41bb7a14405fe4f986d117c3e04cb6aafb1fc80e62bab11877647c4588c2f	structural scan + targeted tracing
frontend/js/modules/SuperAdminAccount.js	13794	281	f446df759b881e0a3a5716bfa0a5c14a5b28914558f165697e408bf2ca0138c7	structural scan
frontend/js/modules/Tableware.js	85250	1694	6951a29cd163475a574053a1983b21cccfcd55ba4fd89dd49602de25acc9ec10	structural scan + targeted tracing
frontend/js/modules/UserManagement.js	34396	697	9c64c556309f8c81668701cf99b9f6168bf37099f5676113dec72f49832e2cd1	structural scan
frontend/js/modules/adminSchools/adminTheme.js	3492	72	9c60069dfd74800ab82e93caf74c7111a4795aaefcf5b883c3017d3eed5dd285	structural scan
frontend/js/modules/adminSchools/components/tablePager.js	8605	207	fc7a2893dba23bb47a96db75679005a1278ed2cdf0668c57d06c31af123d1a7a	structural scan
frontend/js/modules/adminSchools/context.js	1928	47	358082c68c5f5860cbf3a566d9fbfd8ccec17025493db64f7f0a7461fa1a3dad	structural scan
frontend/js/modules/adminSchools/customization/fieldList.js	14835	249	384f11b2b306657934339147e333336fa7b7a73dc445749976e2b3e8b2ec5c9e	structural scan
frontend/js/modules/adminSchools/customization/loadSave.js	19728	360	f10107b3c22f9a7663df113aa341a9b21c50e6b749b0f7aab3e7402220ac9206	structural scan
frontend/js/modules/adminSchools/customization/moduleFields.js	7856	115	48ef75d75c768fba758d89f64997fd51685e919e31af2ccf25462caa5066eaff	structural scan
frontend/js/modules/adminSchools/customization/popovers.js	29220	523	bdb1fc667eba43589438d7f022606f6e822e3283b60c09b1db5571bcdceb0b46	structural scan
frontend/js/modules/adminSchools/customization/store.js	3809	69	09d70e401635247b2f2b7aefab5cb428ecf9729d815e4ec663554f2234780e9b	structural scan
frontend/js/modules/adminSchools/preview.js	11060	209	0701d8cfde1e106e3ddddbc9061cc0d15cf410cd0fffb28c61b439f2c3b4a5a6	structural scan
frontend/js/modules/adminSchools/sessionBadge.js	5817	116	e51dffba6b43ef842fa64830646e5a0f1a74ba891a911d04c5af79cc68c42945	structural scan
frontend/js/modules/adminSchools/sidebar.js	18103	368	9586a0c75d1fabdb404d87391452e38c24c440421654027b7083092ae5148a6f	structural scan
frontend/js/modules/adminSchools/ui.js	956	22	3d4b75a37ae1b0594b9fda92911ddeb5ead7b44ec391608a76364e70886d0038	structural scan
frontend/js/modules/adminSchools/views/accountsView.js	21179	351	76873b9df89317befd59b01fd35b1cd535c325f6b78a779326d85cb63360029e	structural scan
frontend/js/modules/adminSchools/views/auditView.js	43565	857	0d570442939cecbf31c37300bf179ff2f6354a0283fd911f5e4daac722cd36a3	structural scan
frontend/js/modules/adminSchools/views/backupView.js	70409	1413	bb309fb854c32cd7abff810b8965dbeaf71f3d3d8bad6fa9b62facd8aaa998f1	structural scan
frontend/js/modules/adminSchools/views/diskView.js	40750	647	db387e68efc55e89327645c3a26b41bf04268ca7d426ae61bf1ce0410c94e18b	structural scan
frontend/js/modules/adminSchools/views/kpiPoller.js	3247	62	6b874bb1022951f15de70d5ae464068288d9d2b7b5f9fb21595235cb9715d396	structural scan
frontend/js/modules/adminSchools/views/openApiView.js	71144	1078	bd99a08254df68c1c509a9116986f9f884c67a78d5683d67be542ad0cf851fea	structural scan
frontend/js/modules/adminSchools/views/schoolCreateView.js	3407	68	81b27b8b793b150e76e60978fb5c5a53cec35939d2fb6fcae06b8341e778ce4e	structural scan
frontend/js/modules/adminSchools/views/schoolDetailView.js	21790	443	44e0d173204a483d6ae6488d94614d634d5cce693a947afd00ee48230ff9c1af	structural scan
frontend/js/modules/adminSchools/views/schoolUsersView.js	17496	323	c283f077d4297871a89877c79fd8ed655f0cf10753537460ea4983b328f2d148	structural scan
frontend/js/modules/adminSchools/views/schoolsListView.js	25029	399	709892b76773d9cac4a569abc97264795d3584251638b3ce03fd015fe86779c7	structural scan
frontend/js/modules/adminSchools/views/testReports/issuesView.js	15357	274	3ffb0ff96ebde98b96374c3a866a96e204bf301172f596c4cbd63a40bfafac3c	structural scan
frontend/js/modules/adminSchools/views/testReports/listView.js	12740	224	6ac42502eaa1f118e7ec95bd238d0d2f4737b0d80dccebee319a3b0da02c9ffb	structural scan
frontend/js/modules/adminSchools/views/testReports/shared.js	4349	90	59432d71932c664758b00e7717d5c8179cb681ece35bfec937a9e9557ff57757	structural scan
frontend/js/modules/adminSchools/views/testReports/tasksView.js	16989	333	b6538cf3bd99e734e4627994e4ed8154d7c426551193b26f882f4ae6058f0190	structural scan
frontend/js/modules/adminSchools/visualEdit.js	23136	428	1457a8c7c9ad65a5b275325ac843144e63a212d12505170ef43fa23e652c42bb	structural scan
frontend/js/modules/backupManager.js	20757	414	47002357b77cf0aabf5a08da2e892e529d6fda015d94e44a579a523f5349bfc7	structural scan
frontend/js/modules/detergentDemo.js	56771	1351	167756fecd3063cb4d830d8ac5a63b18b66ae14a8414654f3bf72e0e1b02ae5b	structural scan
frontend/js/modules/helpPage.js	12870	244	365e3554127dc6c05a9a73951f064c0d41d184721b03d6504f01a7bac4e70ed6	structural scan
frontend/js/modules/loginPage.js	28408	544	4e0a43e56f5752764136e5960fc596bdc74f4fd26826d1a503e47acb1e6b5b25	structural scan
frontend/js/modules/loginStyleDesigner.js	28244	645	0588844ff33ed319d6425a00a304a8e1a3d6c2b99ee5392c7402b2095d5ae543	structural scan
frontend/js/modules/quickAccess.js	2818	65	618ca5c9f0b9ec7dafb0e2a8d8cc8965fe43b8104ccbaf6253070076e2cc6a92	structural scan
frontend/js/modules/registry.js	6015	123	1a35a4c5c77f49f82e5ea1eb459b110bf3c49feeb1f14335b8b48a368a1de215	structural scan
frontend/js/modules/superAdminLoginPage.js	12565	253	07fab1189dc1051a51a5eaba3b3fb42751e93fe9d8e9953c884c180f5381b926	structural scan
frontend/js/opencv/recognizer.js	39261	852	a0932afd106b9c3bce3f3229234ab6eee152e6d75d5ce051a4fc769784b294bd	structural scan
frontend/js/services/AuditService.js	8827	209	b8cffc580e370a09e9df1b8a923bcf99276bad3ecb043d94929cdd54c0dc44e2	structural scan
frontend/js/services/AuthService.js	63379	1342	f2dc84e5772f86625a3ab6a654db23a6b4b02fd97e96b5ba49f5c19b972e040e	structural scan + targeted tracing
frontend/js/services/ExportService.js	51100	1108	d7650a0997639a978daee1fc8988cf62cc54e8cf94bf52e9370ba6ffa3ac7b31	structural scan + targeted tracing
frontend/js/services/GuestAuthService.js	7271	196	658cdde0f1710e770312b2563b73192c89c5b2897388843503d44693ef2bc431	structural scan
frontend/js/services/PermissionService.js	9870	265	c3b6ad8ddd07967c69282aa6ec7470058b104cf0bd74f966e5b92d38d8828eee	structural scan
frontend/js/services/SessionManager.js	13222	385	d713c26e6bf0a0e0168797c2a75c24a383d527b2785338a904aff20451689989	structural scan + targeted tracing
frontend/js/utils/AuditLogger.js	3990	104	a9d4eebb88b7a3b3f390c5afca15c09eaf1e7ccf3dc924e00384727d4ea8018d	structural scan
frontend/js/utils/FormValidator.js	8400	239	cfa4cef03c0ff076a99e95461c1330184bd775b7060c5283c80a420f5f74abb2	structural scan
frontend/js/utils/NetworkHelper.js	6872	207	bfe7bb58b17233964dfd3f1533d72b195cc6663d606f40111d7c21f7a681cf15	structural scan
frontend/js/utils/SampleDataGenerator.js	9643	261	5c21a308e4ae58f4b978a0bbae080a81a70943c169a80d97ded815eed5c17556	structural scan
frontend/js/utils/UIHelper.js	2394	58	f17672a8f7ef8f8bb6508ac0fdce45c199c908c52c86d1abe336d05962336913	structural scan
frontend/js/utils/UINotification.js	10493	298	ddd699398d722ed3c0625a23f1953f2e8cc4dbb3f3b4f43f0f8935aa221a65f8	structural scan
frontend/js/utils/dateUtil.js	2282	64	5085d908c12b4e77b735b9625c8f25040a975c765d4aedb66261cc0c2167c6e5	structural scan
frontend/js/utils/embed.js	1357	38	a87843aac8cf5331be997aebfc55406b0c99fcbfa3901c7f2ebfdf4da0825dff	structural scan
frontend/js/utils/fieldMasking.js	6236	151	53dc0adc3ad3cbe2e4f4e85ab5888e36e380d99b30b28919cceee78ed03a5c9d	structural scan
frontend/js/utils/logSilencer.js	2419	49	4eed19854270766a5878184d694fa4f41c4aecddc26c629f087db59037078339	structural scan
frontend/js/utils/pathogenRisk.js	3246	92	625ca57ecc54024869a4347997f8a4adb2acc0a4c2cd7418e72553cf5743b497	structural scan
frontend/js/utils/schoolCode.js	4438	69	60e7ed2098aa921ca61daf64aa079e8ef1d21bbf6288fdfebdf32b7733bb230a	structural scan
frontend/js/utils/schoolCustomization.js	3972	111	daa3486d9ab61c82cb433c172ab027ad8f65b778251222c282a58f3547ce9f50	structural scan
frontend/js/utils/schoolCustomization/badgeEditor.js	29019	527	ed2b49e50a95646c9fb7d357e67acb7b04a420884146d0b58fa1acf1b9518977	structural scan
frontend/js/utils/schoolCustomization/branding.js	12909	278	cb0ca7aa48d257d81481f9add583482964e2a7fc5b836e5f8d8f7f9272e0e307	structural scan
frontend/js/utils/schoolCustomization/cache.js	12399	269	e94513e5cbb9066830947a91f89c2451700ac1a5af8c7f3f9e87c6f5254f68f9	structural scan
frontend/js/utils/schoolCustomization/fields.js	22514	486	900b4b7e4475208bd15f50269fadb3c1dc9ff7b0cbb29e582dcc4f0ba3eb7506	structural scan
frontend/js/utils/schoolCustomization/shared.js	2062	49	fee7411bd584dd26fdd57a21abc6dcd2ec2a5805a451f439a49b7fa229cf3490	structural scan
frontend/js/utils/schoolCustomization/visible.js	4964	105	51a608d121ed83fef77edb16a87bc09ad1d891d6c71dfbaa2ac8f2db2496383f	structural scan
frontend/js/utils/syntheticDetergent.js	6238	149	f99ccf946a3f517ae295e85404b2f7c8114b02fb802be21348ee9190dd6b6cb1	structural scan
frontend/js/utils/themePresets.js	9972	284	ff15a240110088172c8ae88578f916dc9979b819d1e3951837f0c3142c91ad0b	structural scan
frontend/pages/admin-schools.html	150936	1898	b11879994d333d31089b08e939c1e5642954a3b7ff50c7111dc2b83e27b667e6	structural scan
frontend/pages/help.html	21045	343	5ef0b4d61c8458b3faf29bbbe87658a06638bc272fa506c599e96ac1109c310a	structural scan
frontend/pages/index.html	52040	819	21ae02ed6d55eb71be0774f4d67211731c968861f713008f1ba2bab3d1ab8de9	structural scan
frontend/pages/login.html	15076	332	202ccda80b25370320689b4f83104d5f7fc36c9e1e02e35525dc95d07609b456	structural scan
frontend/pages/super-admin-login.html	7297	122	1f8d382f5a9d81b94518330fa8432d0e450c86559cf7beb6a4f4665d5d2b0b9d	structural scan
frontend/vendor/js/chart.min.js	200632	1	e9b0f875106021fb3d58120ad8ebdd3e7d32135a4452fd8918c72ac6475f2bd3	vendor/resource inventory
frontend/vendor/js/html2canvas.min.js	198689	20	e87e550794322e574a1fda0c1549a3c70dae5a93d9113417a429016838eab8cb	vendor/resource inventory
frontend/vendor/js/jspdf.umd.min.js	364463	398	98ccf17aa10c20bb1301762618fcc9b6ab3a4e7f26b6071d64d0b41154df3875	vendor/resource inventory
frontend/vendor/js/mammoth.browser.min.js	660208	21	3602670e0cf145e4b270e3530033b780f9c081eb9ed9b2ad79e2f1e448921941	vendor/resource inventory
frontend/vendor/opencv/opencv.js	13298869		b873c8211421da7b9bf41ae157a923f05a46a0b8d3e5904c44c6f3ad6d39a1bd	vendor/resource inventory
jest.config.cjs	1665	32	8dae57542e6d5cf99f5e0bdbc1a0cfab2546ee3b591458d957219a0a0aab4e5a	structural scan + targeted tracing
package-lock.json	400929	11023	4de9f48d1bd042dd708d2596548c98638abaf1123bdd26f73bb0f13db43889a0	generated/lock inventory
package.json	2250	68	d30bebe5f6e4df6847099ca10bf114ddaf0eacb7bb7c6f4e353105cd5c1fb887	structural scan + targeted tracing
scripts/_PACKAGE_TYPE_REASON.md	1046	21	24c289426deb664b2fbf6fa41806373b9a05a7b944fca43c2b0ec5fd5368a328	structural scan
scripts/backup-alert.sh	1301	32	d5996ffc4d3d146ddbdeda310f26cde5282111280084b6a436761581a8744840	structural scan
scripts/build-static.js	6671	165	10e58249527851b7d37d48e9453581077ca084722af51135d82f547d9b113a11	structural scan + targeted tracing
scripts/disk-manage.sh	1944	42	6304a6f8bd58a5b71a262a133a46f78cb63315ec65108416f2aaac3ee18a5b7a	structural scan
scripts/disk-usage-alert.sh	2408	50	d48705e8637c1628ea87d6161c3d0b127294b00a4b62d4b30f230775431d952f	structural scan
scripts/import-backup.mjs	8380	221	91ffdc52a235f6ffeaba04094e21270769c6254a6d95784e65eff44cb8f978b0	structural scan
scripts/log-alert.sh	4373	105	2375c1c53533ae1d5bf11cb542bbe63e8bfff8857ed285eba6bcc64f4236a61e	structural scan
scripts/migrate-roles.mjs	3599	112	067d5dc88f0d30a74b683761e786b73f42b7f917cd2eecb8279046bc2f0b197a	structural scan
scripts/package.json	25	3	8005a3491db7d92f36ac66369861589f9c47123d3a7c71e643fc2c06168cd45a	structural scan
scripts/provision-school.sh	4331	93	41cccba3706134b62955decb4a05eb0179cc708d56fddf8c847ca1e1dad942c1	structural scan
scripts/restart-school-backup-api.sh	5204	123	e7b4ee1f69fc8dd7e0318e5469ecf42c765e09157bac60d0d2e25b893d86f945	structural scan
scripts/setup-backup-kms.sh	12356	284	6aa103bca954507bb56c8822144e73fa421f4f1ab40b1b4535b2e4511649f5af	structural scan
tailwind.config.cjs	784	21	b390ddd13499bc65b8191a167551f64ab6bad7d92d9bb4026cb6cbd1a366fc7a	structural scan
tests/auditUnificationRegression.test.js	17984	371	96ef88c3d320dd5f9fb9a4fecf94c838bb6ae2c76a20a49b056408bd437f90d5	structural scan + targeted tracing
tests/auditUserFilter.test.js	9518	210	f20d64fad62da31b8ec695e3f01afa5cd2fb8e43e2a4d81bf933a6488c82ad6c	structural scan + targeted tracing
tests/authCrossTabRefresh.test.js	11939	230	38fcd5dfe907976832df44a6f297a263bf319837cae1e609fc234b2cdb4dbff5	structural scan + targeted tracing
tests/authRecheckFailover.test.js	6853	180	f0ce91ee1febedc90b7e23cc845e6f2be3e1763567ab5075a5ff98582e6288f5	structural scan + targeted tracing
tests/authRefreshFrontend.test.js	7967	195	c3d60226473e259a49ef872a5cce847d7a591f9cf2f88c9be1ddd7a1997ef921	structural scan + targeted tracing
tests/authRoleSync.test.js	3692	90	a8a9cd06ce2d79d98f2aeb445b751703879d865460d9ed3f1a5962bf69f13bab	structural scan + targeted tracing
tests/authSession.test.js	12343	296	70e07889fc37287e916b1a6dbcbbadf1a4ca0d3cc6d22d59c895f0e30aa1044b	structural scan + targeted tracing
tests/backupKms.test.js	2710	64	697ccf6667a16405022e688a4bc40550c91988c872de7cf23350843a8f400b9b	structural scan + targeted tracing
tests/extractSchemaSegment.test.js	15040	344	babd94c6e12a9a4b7853b0df77284cbbabc62d623785095749b3639784678cea	structural scan + targeted tracing
tests/idempotencyConcurrency.test.js	4309	117	641b322245bb08e52423fccb782d6c6587a4030fa9a20a4d2b986ec54934e39a	structural scan + targeted tracing
tests/integration/concurrency.test.js	6161	166	540dccfb9b7560251897b30f5bfd0554ef97002bec131b4f908c9ab6d39633d5	structural scan + targeted tracing
tests/integration/jest.integration.config.cjs	1245	30	b30197355536bcaa5a22931f1cafd9b7480f6e458977a79af55c78d7fdbb0a2a	structural scan + targeted tracing
tests/integration/live-api.mjs	16624	342	51e0e86fb9b09a3b1e5909db939ed6be81a4ff22cd293fe5e58314a5e437505a	structural scan + targeted tracing
tests/integration/pg-bootstrap.js	3124	85	fa2e7a0c6e394e277d3dfedd744f682194137963480cd6c8a8cf89011dbb4871	structural scan + targeted tracing
tests/integration/roleAuditTrigger.test.js	4085	111	202bd7fcd2b973722e112b153003b68dfd9987a4a7d1e3511092d4f449417c68	structural scan + targeted tracing
tests/p0ProvNoAdminInSchool.test.js	9443	221	8f14f2ead5ee55643a508626a428298aa7c598bd32466841b6071e4166f21258	structural scan + targeted tracing
tests/refreshConcurrencyBackend.test.js	11605	240	515d5d4e0e647ba60edcf0c91dfb79245a11b03703ee362a282fdc2a7d1953e8	structural scan + targeted tracing
tests/restoreSchemaRewrite.test.js	2579	49	f951e0de0038f33a60afb70c2760c47c129a45487f12a6892b8e926568bee6d6	structural scan + targeted tracing
tests/roleAuthorization.test.js	2818	77	ba4d0da8439adfd71e814b0db6d465a1f387de7fec254bd02f74456dcb92e74b	structural scan + targeted tracing
tests/roleMatrix.test.js	5262	133	962ab2f6fc4b4befdf4c4dd1ad146d2582fafabda35a66ea418f943314cc7d73	structural scan + targeted tracing
tests/schoolCode.test.js	3376	69	608058a64f361cad9eb1accfd8425155743dc6327d094d341bae152da2f53e6f	structural scan + targeted tracing
tests/securityAlerts.test.js	7489	161	bac723fe261d1b23ab83e06f1b02427371eac08b9f3d4ab6b450903cb7d3d233	structural scan + targeted tracing
tests/securityGuards.test.js	9852	199	8e7b3f9517f66a3c467d6b60a6b1c3b47f7119b1f5f6f2cb8d573981debf7f58	structural scan + targeted tracing
tests/securityRegression.test.js	13618	314	966bb81ea81bf1a5f1510f63abc3d43977f21f9a99ebd22273bbeeeca7dd159f	structural scan + targeted tracing
tests/setup-env.js	614	15	b825d67ce3b27f7299c863f3541a648777e7d36a94d909d79e169b65540582ef	structural scan + targeted tracing
tests/smoke.test.js	1079	29	ee3702b451f678500f6cef5ce932971b6618bf4c4bd3933b8f6c105e60a3326c	structural scan + targeted tracing
tests/storageApplyServerRecord.test.js	5528	122	6487fda41cee7fb669247551d8476e7b5c2d3f01c81a4af7fe4cd09127517c00	structural scan + targeted tracing
tests/storageDurabilityAndRace.test.js	6891	141	c1d5d1b901bdcc2bc2d851c5d67af6f2c6a69dc84d288cd761f4d15b5e9feac8	structural scan + targeted tracing
tests/storageForceServer.test.js	3370	79	3df9a0d16ba677a808b6193760fc173dcbc0dc04249625f0e79ba20748f339ff	structural scan + targeted tracing
tests/superAdminRoutes.test.js	4762	130	ed514adb1dd7f178927346eaa20067a515fb7db7898d045250675cc4dd6028a7	structural scan + targeted tracing
tests/uploadQueue409Recovery.test.js	5407	109	806fbee9e107b40d0bd697bea56a89e6d62a6675db9f4724dfc105a6b493b3a5	structural scan + targeted tracing
tests/userLoginErrorMapping.test.js	5100	118	cdd4076375d2ff8b11f013d47d4c839f5738fc670d9bbf948553bc4b1b5b628b	structural scan + targeted tracing
tests/window2AdminAudit.test.js	17599	374	466440e938d39ca27c6633fb2a5304a9de72f6d758fd2d8bb450da38df217899	structural scan + targeted tracing
