source	line	target	availability
docs/AI_review/Codex-GPT6/P3-FIXTURE-14CHAIN-R12_REVIEW.md	16	docs/reviews/global-audit-20260924/phase3/P3-NEXT_RELAY_R12_PROMPT.md	PUBLISHED_IN_THIS_COMMIT
docs/AI_review/Codex-GPT6/P3-LIFECYCLE-AB-R13_REVIEW.md	22	docs/reviews/global-audit-20260924/phase3/P3-NEXT_RELAY_R13_PROMPT.md	PUBLISHED_IN_THIS_COMMIT
docs/AI_review/Codex-GPT6/P3-LIFECYCLE-AB-R14_REVIEW.md	35	docs/reviews/global-audit-20260924/phase3/P3-NEXT_RELAY_R14_PROMPT.md	PUBLISHED_IN_THIS_COMMIT
docs/AI_review/Codex-GPT6/P3-PARALLEL-R3_REVIEW.md	33	docs/reviews/global-audit-20260924/phase3/P3-NEXT_WAVE_PROMPTS.md	PUBLISHED_IN_THIS_COMMIT
docs/AI_review/Codex-GPT6/P3-PARALLEL-R6_REVIEW.md	34	docs/reviews/global-audit-20260924/phase3/P3-NEXT_WAVE_R6_PROMPTS.md	PUBLISHED_IN_THIS_COMMIT
docs/AI_review/Codex-GPT6/P3-PARALLEL-R7_REVIEW.md	37	docs/reviews/global-audit-20260924/phase3/P3-NEXT_WAVE_R7_PROMPTS.md	PUBLISHED_IN_THIS_COMMIT
docs/AI_review/Codex-GPT6/P3-R18_CONTRACTS_REVIEW.md	28	docs/reviews/global-audit-20260924/phase3/P3-NEXT_RELAY_R18_PROMPT.md	PUBLISHED_IN_THIS_COMMIT
docs/AI_review/GPT6-Astra/P3-PF-T01-R1_REVIEW.md	45	docs/reviews/global-audit-20260924/phase3/P3-PF-T01-R2_REWORK_PATCH_PROMPT.md	PUBLISHED_IN_THIS_COMMIT
docs/AI_review/GPT6-Astra/P3-PF-T01-R2_REVIEW.md	36	docs/reviews/global-audit-20260924/phase3/P3-W0-T01_TASK_PACKET.md	PUBLISHED_IN_THIS_COMMIT
docs/AI_review/GPT6-Astra/P3-PF-T01_REVIEW.md	40	docs/reviews/global-audit-20260924/phase3/P3-PF-T01_REWORK_PATCH_PROMPT.md	PUBLISHED_IN_THIS_COMMIT
docs/AI_review/GPT6-Astra/P3-W0-T01-R1_REVIEW.md	39	docs/reviews/global-audit-20260924/phase3/P3-W0-T01-R2_REWORK_PATCH_PROMPT.md	PUBLISHED_IN_THIS_COMMIT
docs/AI_review/GPT6-Astra/P3-W0-T01-R2_REVIEW.md	36	docs/reviews/global-audit-20260924/phase3/P3-W0-T01-R3_REWORK_PATCH_PROMPT.md	PUBLISHED_IN_THIS_COMMIT
docs/AI_review/GPT6-Astra/P3-W0-T01-R3_REVIEW.md	36	docs/reviews/global-audit-20260924/phase3/P3-W0-T01-R4_REWORK_PATCH_PROMPT.md	PUBLISHED_IN_THIS_COMMIT
docs/AI_review/GPT6-Astra/P3-W0-T01-R4_REVIEW.md	39	docs/reviews/global-audit-20260924/phase3/P3-W0-T02A_TASK_PACKET.md	PUBLISHED_IN_THIS_COMMIT
docs/AI_review/GPT6-Astra/P3-W0-T01_REVIEW.md	47	docs/reviews/global-audit-20260924/phase3/P3-W0-T01-R1_REWORK_PATCH_PROMPT.md	PUBLISHED_IN_THIS_COMMIT
docs/AI_review/GPT6-Astra/P3-W0-T02A-R1_REVIEW.md	43	docs/reviews/global-audit-20260924/phase3/P3-W0-T02A-R2_REWORK_PATCH_PROMPT.md	PUBLISHED_IN_THIS_COMMIT
docs/AI_review/GPT6-Astra/P3-W0-T02A-R2_REVIEW.md	44	docs/reviews/global-audit-20260924/phase3/P3-W0-T02A-R3_REWORK_PATCH_PROMPT.md	PUBLISHED_IN_THIS_COMMIT
docs/AI_review/GPT6-Astra/P3-W0-T02A-R2_REVIEW.md	44	docs/reviews/global-audit-20260924/phase3/P3-W0-T02A-R2_REVIEW_INPUT_MANIFEST.json	PUBLISHED_IN_THIS_COMMIT
docs/AI_review/GPT6-Astra/P3-W0-T02A-R3_REVIEW.md	32	docs/reviews/global-audit-20260924/phase3/P3-W0-T02A-R4_REWORK_PATCH_PROMPT.md	PUBLISHED_IN_THIS_COMMIT
docs/AI_review/GPT6-Astra/P3-W0-T02A-R3_REVIEW.md	32	docs/reviews/global-audit-20260924/phase3/P3-W0-T02A-R3_REVIEW_INPUT_MANIFEST.json	PUBLISHED_IN_THIS_COMMIT
docs/AI_review/GPT6-Astra/P3-W0-T02A-R4_REVIEW.md	21	docs/reviews/global-audit-20260924/phase3/P3-W0-T02B_TASK_PACKET.md	PUBLISHED_IN_THIS_COMMIT
docs/AI_review/GPT6-Astra/P3-W0-T02A-R4_REVIEW.md	21	docs/reviews/global-audit-20260924/phase3/P3-W0-T02B_INPUT_MANIFEST.json	PUBLISHED_IN_THIS_COMMIT
docs/AI_review/GPT6-Astra/P3-W0-T02A_REVIEW.md	46	docs/reviews/global-audit-20260924/phase3/P3-W0-T02A-R1_REWORK_PATCH_PROMPT.md	PUBLISHED_IN_THIS_COMMIT
docs/AI_review/GPT6-Astra/P3-W0-T02B-R1_REVIEW.md	19	docs/reviews/global-audit-20260924/phase3/P3-W0-T02B-R2_REWORK_PATCH_PROMPT.md	PUBLISHED_IN_THIS_COMMIT
docs/AI_review/GPT6-Astra/P3-W0-T02B-R1_REVIEW.md	19	docs/reviews/global-audit-20260924/phase3/P3-W0-T02B-R2_REVIEW_INPUT_MANIFEST.json	PUBLISHED_IN_THIS_COMMIT
docs/AI_review/GPT6-Astra/P3-W0-T02B_REVIEW.md	21	docs/reviews/global-audit-20260924/phase3/P3-W0-T02B-R1_REWORK_PATCH_PROMPT.md	PUBLISHED_IN_THIS_COMMIT
docs/AI_review/GPT6-Astra/P3-W0-T02B_REVIEW.md	21	docs/reviews/global-audit-20260924/phase3/P3-W0-T02B-R1_REVIEW_INPUT_MANIFEST.json	PUBLISHED_IN_THIS_COMMIT
docs/AI_review/Kimi-K3/P3-W0-T02B-R2_REVIEW.md	38	docs/reviews/global-audit-20260924/phase3/P3-W0-T02C_TASK_PACKET.md	PUBLISHED_IN_THIS_COMMIT
docs/AI_review/Kimi-K3/P3-W0-T02B-R2_REVIEW.md	38	docs/reviews/global-audit-20260924/phase3/P3-W0-T02C_REVIEW_INPUT_MANIFEST.json	PUBLISHED_IN_THIS_COMMIT
docs/AI_review/REVIEW_CONTINUITY_HANDOFF.md	5	docs/AI_review/ORGANIZATION_MAP.json	PUBLISHED_IN_THIS_COMMIT
docs/AI_review/REVIEW_CONTINUITY_HANDOFF.md	9	docs/AI_review/Codex-GPT6/P3-CLOSE-B-R19_REVIEW.md	PUBLISHED_IN_THIS_COMMIT
docs/AI_review/REVIEW_CONTINUITY_HANDOFF.md	13	docs/AI_review/Codex-GPT6/P3-R18_CONTRACTS_REVIEW.md	PUBLISHED_IN_THIS_COMMIT
docs/AI_review/REVIEW_CONTINUITY_HANDOFF.md	13	docs/reviews/global-audit-20260924/phase3/P3-NEXT_RELAY_R18_PROMPT.md	PUBLISHED_IN_THIS_COMMIT
docs/AI_review/REVIEW_CONTINUITY_HANDOFF.md	17	docs/AI_review/Codex-GPT6/P3-CLOSE-B-R17_REVIEW.md	PUBLISHED_IN_THIS_COMMIT
docs/AI_review/REVIEW_CONTINUITY_HANDOFF.md	17	docs/reviews/global-audit-20260924/phase3/P3-NEXT_RELAY_R17_PROMPTS.md	PUBLISHED_IN_THIS_COMMIT
docs/AI_review/REVIEW_CONTINUITY_HANDOFF.md	21	docs/AI_review/Codex-GPT6/P3-R16_LIFECYCLE_CROSS_REVIEW.md	PUBLISHED_IN_THIS_COMMIT
docs/AI_review/REVIEW_CONTINUITY_HANDOFF.md	21	docs/reviews/global-audit-20260924/phase3/P3-NEXT_RELAY_R16_PROMPT.md	PUBLISHED_IN_THIS_COMMIT
docs/AI_review/REVIEW_CONTINUITY_HANDOFF.md	25	docs/AI_review/Codex-GPT6/P3-LIFECYCLE-AB-R15_REVIEW.md	PUBLISHED_IN_THIS_COMMIT
docs/AI_review/REVIEW_CONTINUITY_HANDOFF.md	25	docs/reviews/global-audit-20260924/phase3/P3-NEXT_RELAY_R15_PROMPTS.md	PUBLISHED_IN_THIS_COMMIT
docs/AI_review/REVIEW_CONTINUITY_HANDOFF.md	29	docs/AI_review/Codex-GPT6/P3-LIFECYCLE-AB-R14_REVIEW.md	PUBLISHED_IN_THIS_COMMIT
docs/AI_review/REVIEW_CONTINUITY_HANDOFF.md	29	docs/reviews/global-audit-20260924/phase3/P3-NEXT_RELAY_R14_PROMPT.md	PUBLISHED_IN_THIS_COMMIT
docs/AI_review/REVIEW_CONTINUITY_HANDOFF.md	33	docs/AI_review/Codex-GPT6/P3-LIFECYCLE-AB-R13_REVIEW.md	PUBLISHED_IN_THIS_COMMIT
docs/AI_review/REVIEW_CONTINUITY_HANDOFF.md	33	docs/reviews/global-audit-20260924/phase3/P3-NEXT_RELAY_R13_PROMPT.md	PUBLISHED_IN_THIS_COMMIT
docs/AI_review/REVIEW_CONTINUITY_HANDOFF.md	37	docs/AI_review/Codex-GPT6/P3-FIXTURE-14CHAIN-R12_REVIEW.md	PUBLISHED_IN_THIS_COMMIT
docs/AI_review/REVIEW_CONTINUITY_HANDOFF.md	37	docs/reviews/global-audit-20260924/phase3/P3-NEXT_RELAY_R12_PROMPT.md	PUBLISHED_IN_THIS_COMMIT
docs/AI_review/REVIEW_CONTINUITY_HANDOFF.md	41	docs/AI_review/Codex-GPT6/P3-PARALLEL-R11_REVIEW.md	PUBLISHED_IN_THIS_COMMIT
docs/AI_review/REVIEW_CONTINUITY_HANDOFF.md	41	docs/reviews/global-audit-20260924/phase3/P3-NEXT_RELAY_R11_PROMPTS.md	PUBLISHED_IN_THIS_COMMIT
docs/AI_review/REVIEW_CONTINUITY_HANDOFF.md	45	docs/AI_review/Codex-GPT6/P3-R10_CONCURRENT_EXECUTION_REVIEW.md	PUBLISHED_IN_THIS_COMMIT
docs/AI_review/REVIEW_CONTINUITY_HANDOFF.md	45	docs/reviews/global-audit-20260924/phase3/P3-R10_CONCURRENT_CORRECTION_PROMPTS.md	PUBLISHED_IN_THIS_COMMIT
docs/AI_review/REVIEW_CONTINUITY_HANDOFF.md	49	docs/AI_review/Codex-GPT6/P3-PARALLEL-R10_REVIEW.md	PUBLISHED_IN_THIS_COMMIT
docs/AI_review/REVIEW_CONTINUITY_HANDOFF.md	49	docs/reviews/global-audit-20260924/phase3/P3-NEXT_WAVE_R10_PROMPTS.md	PUBLISHED_IN_THIS_COMMIT
docs/AI_review/REVIEW_CONTINUITY_HANDOFF.md	53	docs/AI_review/Codex-GPT6/P3-PARALLEL-R9_REVIEW.md	PUBLISHED_IN_THIS_COMMIT
docs/AI_review/REVIEW_CONTINUITY_HANDOFF.md	53	docs/reviews/global-audit-20260924/phase3/P3-NEXT_WAVE_R9_PROMPTS.md	PUBLISHED_IN_THIS_COMMIT
docs/AI_review/REVIEW_CONTINUITY_HANDOFF.md	57	docs/AI_review/Codex-GPT6/P3-PARALLEL-R8_REVIEW.md	PUBLISHED_IN_THIS_COMMIT
docs/AI_review/REVIEW_CONTINUITY_HANDOFF.md	57	docs/reviews/global-audit-20260924/phase3/P3-NEXT_WAVE_R8_PROMPTS.md	PUBLISHED_IN_THIS_COMMIT
docs/AI_review/REVIEW_CONTINUITY_HANDOFF.md	71	docs/AI_review/Codex-GPT6/P3-PARALLEL-R7_REVIEW.md	PUBLISHED_IN_THIS_COMMIT
docs/AI_review/REVIEW_CONTINUITY_HANDOFF.md	71	docs/reviews/global-audit-20260924/phase3/P3-NEXT_WAVE_R7_PROMPTS.md	PUBLISHED_IN_THIS_COMMIT
docs/AI_review/REVIEW_CONTINUITY_HANDOFF.md	85	docs/AI_review/Codex-GPT6/P3-PARALLEL-R6_REVIEW.md	PUBLISHED_IN_THIS_COMMIT
docs/AI_review/REVIEW_CONTINUITY_HANDOFF.md	85	docs/reviews/global-audit-20260924/phase3/P3-NEXT_WAVE_R6_PROMPTS.md	PUBLISHED_IN_THIS_COMMIT
docs/AI_review/REVIEW_CONTINUITY_HANDOFF.md	99	docs/AI_review/Codex-GPT6/P3-PARALLEL-R5_REVIEW.md	PUBLISHED_IN_THIS_COMMIT
docs/AI_review/REVIEW_CONTINUITY_HANDOFF.md	99	docs/reviews/global-audit-20260924/phase3/P3-NEXT_WAVE_R5_PROMPTS.md	PUBLISHED_IN_THIS_COMMIT
docs/AI_review/REVIEW_CONTINUITY_HANDOFF.md	113	docs/AI_review/Codex-GPT6/P3-PARALLEL-R4_REVIEW.md	PUBLISHED_IN_THIS_COMMIT
docs/AI_review/REVIEW_CONTINUITY_HANDOFF.md	113	docs/reviews/global-audit-20260924/phase3/P3-NEXT_WAVE_R4_PROMPTS.md	PUBLISHED_IN_THIS_COMMIT
docs/AI_review/REVIEW_CONTINUITY_HANDOFF.md	134	docs/reviews/global-audit-20260924/phase3/REVIEW_LOG_MASTER.md	PUBLISHED_IN_THIS_COMMIT
docs/AI_review/REVIEW_CONTINUITY_HANDOFF.md	134	docs/reviews/global-audit-20260924/phase3/ORCHESTRATOR_STATE.md	PUBLISHED_IN_THIS_COMMIT
docs/AI_review/REVIEW_CONTINUITY_HANDOFF.md	135	docs/reviews/global-audit-20260924/phase2/FINAL_SEVERITY_ARBITRATION.md	PUBLISHED_IN_THIS_COMMIT
docs/AI_review/REVIEW_CONTINUITY_HANDOFF.md	135	docs/reviews/global-audit-20260924/phase2/FINAL_ARCHITECTURE_DECISIONS.md	PUBLISHED_IN_THIS_COMMIT
docs/AI_review/REVIEW_CONTINUITY_HANDOFF.md	135	docs/reviews/global-audit-20260924/phase2/REMEDIATION_DEPENDENCY_GRAPH.md	PUBLISHED_IN_THIS_COMMIT
docs/AI_review/REVIEW_CONTINUITY_HANDOFF.md	135	docs/reviews/global-audit-20260924/phase2/ROOT_CAUSE_MATRIX.md	PUBLISHED_IN_THIS_COMMIT
docs/AI_review/REVIEW_CONTINUITY_HANDOFF.md	143	docs/reviews/global-audit-20260924/ISSUE_INVENTORY.md	PUBLISHED_IN_THIS_COMMIT
docs/AI_review/REVIEW_CONTINUITY_HANDOFF.md	143	docs/reviews/global-audit-20260924/VERIFICATION.md	PUBLISHED_IN_THIS_COMMIT
docs/AI_review/REVIEW_CONTINUITY_HANDOFF.md	144	docs/reviews/global-audit-20260924/phase2/PHASE2_MASTER_VERDICT.md	PUBLISHED_IN_THIS_COMMIT
docs/AI_review/REVIEW_CONTINUITY_HANDOFF.md	144	docs/reviews/global-audit-20260924/phase2/FINAL_SEVERITY_ARBITRATION.md	PUBLISHED_IN_THIS_COMMIT
docs/AI_review/REVIEW_CONTINUITY_HANDOFF.md	144	docs/reviews/global-audit-20260924/phase2/FINAL_ARCHITECTURE_DECISIONS.md	PUBLISHED_IN_THIS_COMMIT
docs/AI_review/REVIEW_CONTINUITY_HANDOFF.md	145	docs/AI_review/GPT6-Astra/P3-PF-T01_REVIEW.md	PUBLISHED_IN_THIS_COMMIT
docs/AI_review/REVIEW_CONTINUITY_HANDOFF.md	145	docs/AI_review/GPT6-Astra/P3-W0-T01_REVIEW.md	PUBLISHED_IN_THIS_COMMIT
docs/AI_review/REVIEW_CONTINUITY_HANDOFF.md	145	docs/AI_review/GPT6-Astra/P3-W0-T02A_REVIEW.md	PUBLISHED_IN_THIS_COMMIT
docs/AI_review/REVIEW_CONTINUITY_HANDOFF.md	145	docs/AI_review/GPT6-Astra/P3-W0-T02B_REVIEW.md	PUBLISHED_IN_THIS_COMMIT
docs/AI_review/REVIEW_CONTINUITY_HANDOFF.md	145	docs/reviews/global-audit-20260924/phase3/KIMI_K3_REVIEW_HANDOFF.md	PUBLISHED_IN_THIS_COMMIT
docs/AI_review/REVIEW_CONTINUITY_HANDOFF.md	146	docs/AI_review/Kimi-K3/P3-W0-T02B-R2_REVIEW.md	PUBLISHED_IN_THIS_COMMIT
docs/AI_review/REVIEW_CONTINUITY_HANDOFF.md	146	docs/AI_review/Kimi-K3/P3-W0-T02C_REVIEW.md	PUBLISHED_IN_THIS_COMMIT
docs/AI_review/REVIEW_CONTINUITY_HANDOFF.md	146	docs/AI_review/Kimi-K3/P3-W0-T02D_REVIEW.md	PUBLISHED_IN_THIS_COMMIT
docs/AI_review/REVIEW_CONTINUITY_HANDOFF.md	146	docs/AI_review/Kimi-K3/P3-PARALLEL-R1_REVIEW.md	PUBLISHED_IN_THIS_COMMIT
docs/AI_review/REVIEW_CONTINUITY_HANDOFF.md	146	docs/AI_review/Kimi-K3/P3-PARALLEL-R2_REVIEW.md	PUBLISHED_IN_THIS_COMMIT
docs/AI_review/REVIEW_CONTINUITY_HANDOFF.md	146	docs/reviews/global-audit-20260924/phase3/KIMI_K3_REVIEW_HANDOFF.md	PUBLISHED_IN_THIS_COMMIT
docs/AI_review/REVIEW_CONTINUITY_HANDOFF.md	147	docs/AI_review/Codex-GPT6/P3-PARALLEL-R3_REVIEW.md	PUBLISHED_IN_THIS_COMMIT
docs/AI_review/REVIEW_CONTINUITY_HANDOFF.md	147	docs/AI_review/Codex-GPT6/P3-PARALLEL-R4_REVIEW.md	PUBLISHED_IN_THIS_COMMIT
docs/AI_review/REVIEW_CONTINUITY_HANDOFF.md	147	docs/AI_review/Codex-GPT6/P3-PARALLEL-R5_REVIEW.md	PUBLISHED_IN_THIS_COMMIT
docs/AI_review/REVIEW_CONTINUITY_HANDOFF.md	147	docs/AI_review/Codex-GPT6/P3-PARALLEL-R6_REVIEW.md	PUBLISHED_IN_THIS_COMMIT
docs/AI_review/REVIEW_CONTINUITY_HANDOFF.md	147	docs/AI_review/Codex-GPT6/P3-PARALLEL-R7_REVIEW.md	PUBLISHED_IN_THIS_COMMIT
docs/AI_review/REVIEW_CONTINUITY_HANDOFF.md	147	docs/AI_review/Codex-GPT6/P3-PARALLEL-R8_REVIEW.md	PUBLISHED_IN_THIS_COMMIT
docs/AI_review/REVIEW_CONTINUITY_HANDOFF.md	147	docs/AI_review/Codex-GPT6/P3-PARALLEL-R9_REVIEW.md	PUBLISHED_IN_THIS_COMMIT
docs/AI_review/REVIEW_CONTINUITY_HANDOFF.md	147	docs/AI_review/Codex-GPT6/P3-PARALLEL-R10_REVIEW.md	PUBLISHED_IN_THIS_COMMIT
docs/AI_review/REVIEW_CONTINUITY_HANDOFF.md	147	docs/AI_review/Codex-GPT6/P3-R10_CONCURRENT_EXECUTION_REVIEW.md	PUBLISHED_IN_THIS_COMMIT
docs/AI_review/REVIEW_CONTINUITY_HANDOFF.md	147	docs/AI_review/Codex-GPT6/P3-PARALLEL-R11_REVIEW.md	PUBLISHED_IN_THIS_COMMIT
docs/AI_review/REVIEW_CONTINUITY_HANDOFF.md	147	docs/AI_review/Codex-GPT6/P3-FIXTURE-14CHAIN-R12_REVIEW.md	PUBLISHED_IN_THIS_COMMIT
docs/AI_review/REVIEW_CONTINUITY_HANDOFF.md	147	docs/AI_review/Codex-GPT6/P3-LIFECYCLE-AB-R13_REVIEW.md	PUBLISHED_IN_THIS_COMMIT
docs/AI_review/REVIEW_CONTINUITY_HANDOFF.md	147	docs/AI_review/Codex-GPT6/P3-LIFECYCLE-AB-R14_REVIEW.md	PUBLISHED_IN_THIS_COMMIT
docs/AI_review/REVIEW_CONTINUITY_HANDOFF.md	147	docs/AI_review/Codex-GPT6/P3-LIFECYCLE-AB-R15_REVIEW.md	PUBLISHED_IN_THIS_COMMIT
docs/AI_review/REVIEW_CONTINUITY_HANDOFF.md	147	docs/AI_review/Codex-GPT6/P3-R16_LIFECYCLE_CROSS_REVIEW.md	PUBLISHED_IN_THIS_COMMIT
docs/AI_review/REVIEW_CONTINUITY_HANDOFF.md	147	docs/AI_review/Codex-GPT6/P3-CLOSE-B-R17_REVIEW.md	PUBLISHED_IN_THIS_COMMIT
docs/AI_review/REVIEW_CONTINUITY_HANDOFF.md	147	docs/AI_review/Codex-GPT6/P3-R18_CONTRACTS_REVIEW.md	PUBLISHED_IN_THIS_COMMIT
docs/AI_review/REVIEW_CONTINUITY_HANDOFF.md	147	docs/AI_review/Codex-GPT6/P3-CLOSE-B-R19_REVIEW.md	PUBLISHED_IN_THIS_COMMIT
docs/AI_review/REVIEW_CONTINUITY_HANDOFF.md	147	docs/AI_review/Codex-GPT6/P3-CLOSE-B-R19_REVIEW.md	PUBLISHED_IN_THIS_COMMIT
docs/AI_review/REVIEW_CONTINUITY_HANDOFF.md	154	docs/AI_review/GPT6-Astra/P3-PF-T01_REVIEW.md	PUBLISHED_IN_THIS_COMMIT
docs/AI_review/REVIEW_CONTINUITY_HANDOFF.md	154	docs/AI_review/GPT6-Astra/P3-PF-T01-R1_REVIEW.md	PUBLISHED_IN_THIS_COMMIT
docs/AI_review/REVIEW_CONTINUITY_HANDOFF.md	154	docs/AI_review/GPT6-Astra/P3-PF-T01-R2_REVIEW.md	PUBLISHED_IN_THIS_COMMIT
docs/AI_review/REVIEW_CONTINUITY_HANDOFF.md	155	docs/AI_review/GPT6-Astra/P3-W0-T01_REVIEW.md	PUBLISHED_IN_THIS_COMMIT
docs/AI_review/REVIEW_CONTINUITY_HANDOFF.md	155	docs/AI_review/GPT6-Astra/P3-W0-T01-R1_REVIEW.md	PUBLISHED_IN_THIS_COMMIT
docs/AI_review/REVIEW_CONTINUITY_HANDOFF.md	155	docs/AI_review/GPT6-Astra/P3-W0-T01-R2_REVIEW.md	PUBLISHED_IN_THIS_COMMIT
docs/AI_review/REVIEW_CONTINUITY_HANDOFF.md	155	docs/AI_review/GPT6-Astra/P3-W0-T01-R3_REVIEW.md	PUBLISHED_IN_THIS_COMMIT
docs/AI_review/REVIEW_CONTINUITY_HANDOFF.md	155	docs/AI_review/GPT6-Astra/P3-W0-T01-R4_REVIEW.md	PUBLISHED_IN_THIS_COMMIT
docs/AI_review/REVIEW_CONTINUITY_HANDOFF.md	156	docs/AI_review/GPT6-Astra/P3-W0-T02A_REVIEW.md	PUBLISHED_IN_THIS_COMMIT
docs/AI_review/REVIEW_CONTINUITY_HANDOFF.md	156	docs/AI_review/GPT6-Astra/P3-W0-T02A-R1_REVIEW.md	PUBLISHED_IN_THIS_COMMIT
docs/AI_review/REVIEW_CONTINUITY_HANDOFF.md	156	docs/AI_review/GPT6-Astra/P3-W0-T02A-R2_REVIEW.md	PUBLISHED_IN_THIS_COMMIT
docs/AI_review/REVIEW_CONTINUITY_HANDOFF.md	156	docs/AI_review/GPT6-Astra/P3-W0-T02A-R3_REVIEW.md	PUBLISHED_IN_THIS_COMMIT
docs/AI_review/REVIEW_CONTINUITY_HANDOFF.md	156	docs/AI_review/GPT6-Astra/P3-W0-T02A-R4_REVIEW.md	PUBLISHED_IN_THIS_COMMIT
docs/AI_review/REVIEW_CONTINUITY_HANDOFF.md	157	docs/AI_review/GPT6-Astra/P3-W0-T02B_REVIEW.md	PUBLISHED_IN_THIS_COMMIT
docs/AI_review/REVIEW_CONTINUITY_HANDOFF.md	157	docs/AI_review/GPT6-Astra/P3-W0-T02B-R1_REVIEW.md	PUBLISHED_IN_THIS_COMMIT
docs/AI_review/REVIEW_CONTINUITY_HANDOFF.md	159	docs/AI_review/Kimi-K3/P3-W0-T02B-R2_REVIEW.md	PUBLISHED_IN_THIS_COMMIT
docs/AI_review/REVIEW_CONTINUITY_HANDOFF.md	159	docs/AI_review/Kimi-K3/P3-W0-T02C_REVIEW.md	PUBLISHED_IN_THIS_COMMIT
docs/AI_review/REVIEW_CONTINUITY_HANDOFF.md	159	docs/AI_review/Kimi-K3/P3-W0-T02D_REVIEW.md	PUBLISHED_IN_THIS_COMMIT
docs/AI_review/REVIEW_CONTINUITY_HANDOFF.md	159	docs/AI_review/Kimi-K3/P3-PARALLEL-R1_REVIEW.md	PUBLISHED_IN_THIS_COMMIT
docs/AI_review/REVIEW_CONTINUITY_HANDOFF.md	159	docs/AI_review/Kimi-K3/P3-PARALLEL-R2_REVIEW.md	PUBLISHED_IN_THIS_COMMIT
docs/AI_review/REVIEW_CONTINUITY_HANDOFF.md	160	docs/AI_review/Codex-GPT6/P3-PARALLEL-R3_REVIEW.md	PUBLISHED_IN_THIS_COMMIT
docs/AI_review/REVIEW_CONTINUITY_HANDOFF.md	160	docs/AI_review/Codex-GPT6/P3-PARALLEL-R4_REVIEW.md	PUBLISHED_IN_THIS_COMMIT
docs/AI_review/REVIEW_CONTINUITY_HANDOFF.md	160	docs/AI_review/Codex-GPT6/P3-PARALLEL-R5_REVIEW.md	PUBLISHED_IN_THIS_COMMIT
docs/AI_review/REVIEW_CONTINUITY_HANDOFF.md	160	docs/AI_review/Codex-GPT6/P3-PARALLEL-R6_REVIEW.md	PUBLISHED_IN_THIS_COMMIT
docs/AI_review/REVIEW_CONTINUITY_HANDOFF.md	160	docs/AI_review/Codex-GPT6/P3-PARALLEL-R7_REVIEW.md	PUBLISHED_IN_THIS_COMMIT
docs/AI_review/REVIEW_CONTINUITY_HANDOFF.md	160	docs/AI_review/Codex-GPT6/P3-PARALLEL-R8_REVIEW.md	PUBLISHED_IN_THIS_COMMIT
docs/AI_review/REVIEW_CONTINUITY_HANDOFF.md	160	docs/AI_review/Codex-GPT6/P3-PARALLEL-R9_REVIEW.md	PUBLISHED_IN_THIS_COMMIT
docs/AI_review/REVIEW_CONTINUITY_HANDOFF.md	160	docs/AI_review/Codex-GPT6/P3-PARALLEL-R10_REVIEW.md	PUBLISHED_IN_THIS_COMMIT
docs/AI_review/REVIEW_CONTINUITY_HANDOFF.md	160	docs/AI_review/Codex-GPT6/P3-R10_CONCURRENT_EXECUTION_REVIEW.md	PUBLISHED_IN_THIS_COMMIT
docs/AI_review/REVIEW_CONTINUITY_HANDOFF.md	160	docs/AI_review/Codex-GPT6/P3-PARALLEL-R11_REVIEW.md	PUBLISHED_IN_THIS_COMMIT
docs/AI_review/REVIEW_CONTINUITY_HANDOFF.md	160	docs/AI_review/Codex-GPT6/P3-FIXTURE-14CHAIN-R12_REVIEW.md	PUBLISHED_IN_THIS_COMMIT
docs/AI_review/REVIEW_CONTINUITY_HANDOFF.md	160	docs/AI_review/Codex-GPT6/P3-LIFECYCLE-AB-R13_REVIEW.md	PUBLISHED_IN_THIS_COMMIT
docs/AI_review/REVIEW_CONTINUITY_HANDOFF.md	160	docs/AI_review/Codex-GPT6/P3-LIFECYCLE-AB-R14_REVIEW.md	PUBLISHED_IN_THIS_COMMIT
docs/AI_review/REVIEW_CONTINUITY_HANDOFF.md	160	docs/AI_review/Codex-GPT6/P3-LIFECYCLE-AB-R15_REVIEW.md	PUBLISHED_IN_THIS_COMMIT
docs/AI_review/REVIEW_CONTINUITY_HANDOFF.md	160	docs/AI_review/Codex-GPT6/P3-R16_LIFECYCLE_CROSS_REVIEW.md	PUBLISHED_IN_THIS_COMMIT
docs/AI_review/REVIEW_CONTINUITY_HANDOFF.md	160	docs/AI_review/Codex-GPT6/P3-CLOSE-B-R17_REVIEW.md	PUBLISHED_IN_THIS_COMMIT
docs/AI_review/REVIEW_CONTINUITY_HANDOFF.md	160	docs/AI_review/Codex-GPT6/P3-R18_CONTRACTS_REVIEW.md	PUBLISHED_IN_THIS_COMMIT
docs/AI_review/REVIEW_CONTINUITY_HANDOFF.md	160	docs/AI_review/Codex-GPT6/P3-CLOSE-B-R19_REVIEW.md	PUBLISHED_IN_THIS_COMMIT
docs/AI_review/REVIEW_CONTINUITY_HANDOFF.md	174	docs/reviews/global-audit-20260924/phase3/P3-NEXT_WAVE_PROMPTS.md	PUBLISHED_IN_THIS_COMMIT
docs/reviews/global-audit-20260924/ISSUE_INVENTORY.md	11	docs/reviews/global-audit-20260924/coverage.tsv	PUBLISHED_IN_THIS_COMMIT
docs/reviews/global-audit-20260924/ISSUE_INVENTORY.md	11	docs/reviews/global-audit-20260924/repository-map.json	PUBLISHED_IN_THIS_COMMIT
docs/reviews/global-audit-20260924/ISSUE_INVENTORY.md	89	docs/reviews/global-audit-20260924/VERIFICATION.md	PUBLISHED_IN_THIS_COMMIT
docs/reviews/global-audit-20260924/ISSUE_INVENTORY.md	89	docs/reviews/global-audit-20260924/issues.json	PUBLISHED_IN_THIS_COMMIT
docs/reviews/global-audit-20260924/ISSUE_INVENTORY.md	151	frontend/js/core/Storage.js	ALREADY_TRACKED
docs/reviews/global-audit-20260924/ISSUE_INVENTORY.md	151	frontend/js/core/Storage.js	ALREADY_TRACKED
docs/reviews/global-audit-20260924/ISSUE_INVENTORY.md	151	frontend/js/services/AuthService.js	ALREADY_TRACKED
docs/reviews/global-audit-20260924/ISSUE_INVENTORY.md	165	backend/middleware/idempotencyMiddleware.js	ALREADY_TRACKED
docs/reviews/global-audit-20260924/ISSUE_INVENTORY.md	165	backend/routes/recordRoutes.js	ALREADY_TRACKED
docs/reviews/global-audit-20260924/ISSUE_INVENTORY.md	165	backend/server.js	ALREADY_TRACKED
docs/reviews/global-audit-20260924/ISSUE_INVENTORY.md	179	frontend/js/modules/GenericTest.js	ALREADY_TRACKED
docs/reviews/global-audit-20260924/ISSUE_INVENTORY.md	179	frontend/js/modules/GenericTest.js	ALREADY_TRACKED
docs/reviews/global-audit-20260924/ISSUE_INVENTORY.md	179	frontend/js/modules/GenericTest.js	ALREADY_TRACKED
docs/reviews/global-audit-20260924/ISSUE_INVENTORY.md	179	frontend/js/modules/Pathogen.js	ALREADY_TRACKED
docs/reviews/global-audit-20260924/ISSUE_INVENTORY.md	193	backend/lib/restoreService.js	ALREADY_TRACKED
docs/reviews/global-audit-20260924/ISSUE_INVENTORY.md	193	backend/lib/restoreService.js	ALREADY_TRACKED
docs/reviews/global-audit-20260924/ISSUE_INVENTORY.md	193	backend/lib/restoreService.js	ALREADY_TRACKED
docs/reviews/global-audit-20260924/ISSUE_INVENTORY.md	193	backend/lib/tenantClient.js	ALREADY_TRACKED
docs/reviews/global-audit-20260924/ISSUE_INVENTORY.md	207	backend/lib/restoreService.js	ALREADY_TRACKED
docs/reviews/global-audit-20260924/ISSUE_INVENTORY.md	207	backend/lib/restoreService.js	ALREADY_TRACKED
docs/reviews/global-audit-20260924/ISSUE_INVENTORY.md	207	backend/lib/restoreService.js	ALREADY_TRACKED
docs/reviews/global-audit-20260924/ISSUE_INVENTORY.md	207	backend/middleware/readOnlyMiddleware.js	ALREADY_TRACKED
docs/reviews/global-audit-20260924/ISSUE_INVENTORY.md	221	backend/lib/backupService.js	ALREADY_TRACKED
docs/reviews/global-audit-20260924/ISSUE_INVENTORY.md	221	backend/lib/backupService.js	ALREADY_TRACKED
docs/reviews/global-audit-20260924/ISSUE_INVENTORY.md	221	backend/lib/restoreService.js	ALREADY_TRACKED
docs/reviews/global-audit-20260924/ISSUE_INVENTORY.md	235	backend/lib/backupService.js	ALREADY_TRACKED
docs/reviews/global-audit-20260924/ISSUE_INVENTORY.md	235	backend/lib/backupService.js	ALREADY_TRACKED
docs/reviews/global-audit-20260924/ISSUE_INVENTORY.md	235	backend/lib/backupService.js	ALREADY_TRACKED
docs/reviews/global-audit-20260924/ISSUE_INVENTORY.md	249	backend/prisma/migrations/20260726000000_baseline/migration.sql	ALREADY_TRACKED
docs/reviews/global-audit-20260924/ISSUE_INVENTORY.md	249	backend/prisma/migrations/20260814020000_unify_school_customization_text/migration.sql	ALREADY_TRACKED
docs/reviews/global-audit-20260924/ISSUE_INVENTORY.md	249	deploy/deploy.sh	ALREADY_TRACKED
docs/reviews/global-audit-20260924/ISSUE_INVENTORY.md	263	backend/server.js	ALREADY_TRACKED
docs/reviews/global-audit-20260924/ISSUE_INVENTORY.md	263	backend/lib/tenantProvisioner.js	ALREADY_TRACKED
docs/reviews/global-audit-20260924/ISSUE_INVENTORY.md	263	backend/lib/tenantProvisioner.js	ALREADY_TRACKED
docs/reviews/global-audit-20260924/ISSUE_INVENTORY.md	263	backend/lib/tenantSync.js	ALREADY_TRACKED
docs/reviews/global-audit-20260924/ISSUE_INVENTORY.md	277	backend/routes/schoolRoutes.js	ALREADY_TRACKED
docs/reviews/global-audit-20260924/ISSUE_INVENTORY.md	277	backend/modules/UserManager.js	ALREADY_TRACKED
docs/reviews/global-audit-20260924/ISSUE_INVENTORY.md	277	backend/middleware/authMiddleware.js	ALREADY_TRACKED
docs/reviews/global-audit-20260924/ISSUE_INVENTORY.md	277	backend/routes/guestRoutes.js	ALREADY_TRACKED
docs/reviews/global-audit-20260924/ISSUE_INVENTORY.md	291	backend/routes/schoolRoutes.js	ALREADY_TRACKED
docs/reviews/global-audit-20260924/ISSUE_INVENTORY.md	291	backend/routes/guestRoutes.js	ALREADY_TRACKED
docs/reviews/global-audit-20260924/ISSUE_INVENTORY.md	291	backend/middleware/authMiddleware.js	ALREADY_TRACKED
docs/reviews/global-audit-20260924/ISSUE_INVENTORY.md	305	backend/routes/userRoutes.js	ALREADY_TRACKED
docs/reviews/global-audit-20260924/ISSUE_INVENTORY.md	305	backend/routes/sessionRoutes.js	ALREADY_TRACKED
docs/reviews/global-audit-20260924/ISSUE_INVENTORY.md	305	backend/middleware/authMiddleware.js	ALREADY_TRACKED
docs/reviews/global-audit-20260924/ISSUE_INVENTORY.md	305	frontend/js/services/SessionManager.js	ALREADY_TRACKED
docs/reviews/global-audit-20260924/ISSUE_INVENTORY.md	319	backend/routes/sessionRoutes.js	ALREADY_TRACKED
docs/reviews/global-audit-20260924/ISSUE_INVENTORY.md	333	backend/middleware/authMiddleware.js	ALREADY_TRACKED
docs/reviews/global-audit-20260924/ISSUE_INVENTORY.md	333	backend/middleware/authMiddleware.js	ALREADY_TRACKED
docs/reviews/global-audit-20260924/ISSUE_INVENTORY.md	347	backend/middleware/authMiddleware.js	ALREADY_TRACKED
docs/reviews/global-audit-20260924/ISSUE_INVENTORY.md	347	backend/middleware/authMiddleware.js	ALREADY_TRACKED
docs/reviews/global-audit-20260924/ISSUE_INVENTORY.md	361	backend/modules/UserManager.js	ALREADY_TRACKED
docs/reviews/global-audit-20260924/ISSUE_INVENTORY.md	361	backend/modules/UserManager.js	ALREADY_TRACKED
docs/reviews/global-audit-20260924/ISSUE_INVENTORY.md	361	backend/modules/UserManager.js	ALREADY_TRACKED
docs/reviews/global-audit-20260924/ISSUE_INVENTORY.md	361	backend/modules/UserManager.js	ALREADY_TRACKED
docs/reviews/global-audit-20260924/ISSUE_INVENTORY.md	375	backend/routes/testResultRoutes.js	ALREADY_TRACKED
docs/reviews/global-audit-20260924/ISSUE_INVENTORY.md	375	backend/routes/testResultRoutes.js	ALREADY_TRACKED
docs/reviews/global-audit-20260924/ISSUE_INVENTORY.md	375	backend/routes/testResultRoutes.js	ALREADY_TRACKED
docs/reviews/global-audit-20260924/ISSUE_INVENTORY.md	375	backend/server.js	ALREADY_TRACKED
docs/reviews/global-audit-20260924/ISSUE_INVENTORY.md	389	backend/routes/testResultRoutes.js	ALREADY_TRACKED
docs/reviews/global-audit-20260924/ISSUE_INVENTORY.md	389	backend/routes/testResultRoutes.js	ALREADY_TRACKED
docs/reviews/global-audit-20260924/ISSUE_INVENTORY.md	403	backend/routes/frequencyRoutes.js	ALREADY_TRACKED
docs/reviews/global-audit-20260924/ISSUE_INVENTORY.md	403	backend/routes/syncRoutes.js	ALREADY_TRACKED
docs/reviews/global-audit-20260924/ISSUE_INVENTORY.md	403	backend/server.js	ALREADY_TRACKED
docs/reviews/global-audit-20260924/ISSUE_INVENTORY.md	417	frontend/js/core/Storage.js	ALREADY_TRACKED
docs/reviews/global-audit-20260924/ISSUE_INVENTORY.md	417	frontend/js/core/Storage.js	ALREADY_TRACKED
docs/reviews/global-audit-20260924/ISSUE_INVENTORY.md	417	frontend/js/services/ExportService.js	ALREADY_TRACKED
docs/reviews/global-audit-20260924/ISSUE_INVENTORY.md	417	backend/routes/recordRoutes.js	ALREADY_TRACKED
docs/reviews/global-audit-20260924/ISSUE_INVENTORY.md	431	frontend/js/core/Storage.js	ALREADY_TRACKED
docs/reviews/global-audit-20260924/ISSUE_INVENTORY.md	431	frontend/js/core/Storage.js	ALREADY_TRACKED
docs/reviews/global-audit-20260924/ISSUE_INVENTORY.md	431	frontend/js/core/Storage.js	ALREADY_TRACKED
docs/reviews/global-audit-20260924/ISSUE_INVENTORY.md	431	frontend/js/core/Storage.js	ALREADY_TRACKED
docs/reviews/global-audit-20260924/ISSUE_INVENTORY.md	445	frontend/js/core/AdaptiveUploadQueue.js	ALREADY_TRACKED
docs/reviews/global-audit-20260924/ISSUE_INVENTORY.md	445	backend/routes/recordRoutes.js	ALREADY_TRACKED
docs/reviews/global-audit-20260924/ISSUE_INVENTORY.md	459	backend/lib/recordNormalize.js	ALREADY_TRACKED
docs/reviews/global-audit-20260924/ISSUE_INVENTORY.md	459	backend/lib/recordNormalize.js	ALREADY_TRACKED
docs/reviews/global-audit-20260924/ISSUE_INVENTORY.md	459	backend/routes/recordRoutes.js	ALREADY_TRACKED
docs/reviews/global-audit-20260924/ISSUE_INVENTORY.md	473	backend/lib/recordNormalize.js	ALREADY_TRACKED
docs/reviews/global-audit-20260924/ISSUE_INVENTORY.md	473	backend/routes/recordRoutes.js	ALREADY_TRACKED
docs/reviews/global-audit-20260924/ISSUE_INVENTORY.md	473	backend/routes/recordRoutes.js	ALREADY_TRACKED
docs/reviews/global-audit-20260924/ISSUE_INVENTORY.md	487	backend/routes/recordRoutes.js	ALREADY_TRACKED
docs/reviews/global-audit-20260924/ISSUE_INVENTORY.md	487	backend/routes/guestRoutes.js	ALREADY_TRACKED
docs/reviews/global-audit-20260924/ISSUE_INVENTORY.md	487	backend/lib/openApiScope.js	ALREADY_TRACKED
docs/reviews/global-audit-20260924/ISSUE_INVENTORY.md	501	backend/routes/recordRoutes.js	ALREADY_TRACKED
docs/reviews/global-audit-20260924/ISSUE_INVENTORY.md	501	backend/routes/recordRoutes.js	ALREADY_TRACKED
docs/reviews/global-audit-20260924/ISSUE_INVENTORY.md	501	backend/routes/syncRoutes.js	ALREADY_TRACKED
docs/reviews/global-audit-20260924/ISSUE_INVENTORY.md	515	backend/prisma/schema.prisma	ALREADY_TRACKED
docs/reviews/global-audit-20260924/ISSUE_INVENTORY.md	515	backend/modules/UserManager.js	ALREADY_TRACKED
docs/reviews/global-audit-20260924/ISSUE_INVENTORY.md	529	backend/modules/UserManager.js	ALREADY_TRACKED
docs/reviews/global-audit-20260924/ISSUE_INVENTORY.md	529	backend/modules/UserManager.js	ALREADY_TRACKED
docs/reviews/global-audit-20260924/ISSUE_INVENTORY.md	529	backend/modules/UserManager.js	ALREADY_TRACKED
docs/reviews/global-audit-20260924/ISSUE_INVENTORY.md	529	backend/modules/UserManager.js	ALREADY_TRACKED
docs/reviews/global-audit-20260924/ISSUE_INVENTORY.md	543	backend/modules/UserManager.js	ALREADY_TRACKED
docs/reviews/global-audit-20260924/ISSUE_INVENTORY.md	543	backend/modules/UserManager.js	ALREADY_TRACKED
docs/reviews/global-audit-20260924/ISSUE_INVENTORY.md	543	backend/prisma/schema.prisma	ALREADY_TRACKED
docs/reviews/global-audit-20260924/ISSUE_INVENTORY.md	557	backend/modules/UserManager.js	ALREADY_TRACKED
docs/reviews/global-audit-20260924/ISSUE_INVENTORY.md	557	backend/modules/UserManager.js	ALREADY_TRACKED
docs/reviews/global-audit-20260924/ISSUE_INVENTORY.md	557	backend/modules/UserManager.js	ALREADY_TRACKED
docs/reviews/global-audit-20260924/ISSUE_INVENTORY.md	557	backend/modules/UserManager.js	ALREADY_TRACKED
docs/reviews/global-audit-20260924/ISSUE_INVENTORY.md	571	backend/lib/fieldOptionService.js	ALREADY_TRACKED
docs/reviews/global-audit-20260924/ISSUE_INVENTORY.md	571	backend/prisma/schema.prisma	ALREADY_TRACKED
docs/reviews/global-audit-20260924/ISSUE_INVENTORY.md	585	backend/prisma/schema.prisma	ALREADY_TRACKED
docs/reviews/global-audit-20260924/ISSUE_INVENTORY.md	585	backend/lib/fieldOptionService.js	ALREADY_TRACKED
docs/reviews/global-audit-20260924/ISSUE_INVENTORY.md	585	backend/lib/fieldOptionService.js	ALREADY_TRACKED
docs/reviews/global-audit-20260924/ISSUE_INVENTORY.md	599	backend/routes/schoolRoutes.js	ALREADY_TRACKED
docs/reviews/global-audit-20260924/ISSUE_INVENTORY.md	599	backend/routes/schoolRoutes.js	ALREADY_TRACKED
docs/reviews/global-audit-20260924/ISSUE_INVENTORY.md	599	backend/routes/adminDiskRoutes.js	ALREADY_TRACKED
docs/reviews/global-audit-20260924/ISSUE_INVENTORY.md	599	backend/lib/tenantClient.js	ALREADY_TRACKED
docs/reviews/global-audit-20260924/ISSUE_INVENTORY.md	613	backend/routes/frequencyRoutes.js	ALREADY_TRACKED
docs/reviews/global-audit-20260924/ISSUE_INVENTORY.md	613	backend/routes/frequencyRoutes.js	ALREADY_TRACKED
docs/reviews/global-audit-20260924/ISSUE_INVENTORY.md	627	backend/server.js	ALREADY_TRACKED
docs/reviews/global-audit-20260924/ISSUE_INVENTORY.md	627	backend/server.js	ALREADY_TRACKED
docs/reviews/global-audit-20260924/ISSUE_INVENTORY.md	641	backend/server.js	ALREADY_TRACKED
docs/reviews/global-audit-20260924/ISSUE_INVENTORY.md	641	backend/routes/adminBackupRoutes.js	ALREADY_TRACKED
docs/reviews/global-audit-20260924/ISSUE_INVENTORY.md	641	deploy/deploy.sh	ALREADY_TRACKED
docs/reviews/global-audit-20260924/ISSUE_INVENTORY.md	655	backend/modules/recognitionQueue.js	ALREADY_TRACKED
docs/reviews/global-audit-20260924/ISSUE_INVENTORY.md	655	backend/modules/recognitionQueue.js	ALREADY_TRACKED
docs/reviews/global-audit-20260924/ISSUE_INVENTORY.md	655	backend/modules/recognitionQueue.js	ALREADY_TRACKED
docs/reviews/global-audit-20260924/ISSUE_INVENTORY.md	655	backend/routes/recognitionRoutes.js	ALREADY_TRACKED
docs/reviews/global-audit-20260924/ISSUE_INVENTORY.md	669	backend/server.js	ALREADY_TRACKED
docs/reviews/global-audit-20260924/ISSUE_INVENTORY.md	669	backend/server.js	ALREADY_TRACKED
docs/reviews/global-audit-20260924/ISSUE_INVENTORY.md	669	deploy/deploy.sh	ALREADY_TRACKED
docs/reviews/global-audit-20260924/ISSUE_INVENTORY.md	683	tests/integration/pg-bootstrap.js	ALREADY_TRACKED
docs/reviews/global-audit-20260924/ISSUE_INVENTORY.md	683	tests/integration/pg-bootstrap.js	ALREADY_TRACKED
docs/reviews/global-audit-20260924/ISSUE_INVENTORY.md	683	tests/integration/pg-bootstrap.js	ALREADY_TRACKED
docs/reviews/global-audit-20260924/ISSUE_INVENTORY.md	683	tests/p0ProvNoAdminInSchool.test.js	ALREADY_TRACKED
docs/reviews/global-audit-20260924/ISSUE_INVENTORY.md	683	tests/integration/roleAuditTrigger.test.js	ALREADY_TRACKED
docs/reviews/global-audit-20260924/ISSUE_INVENTORY.md	697	package.json	ALREADY_TRACKED
docs/reviews/global-audit-20260924/ISSUE_INVENTORY.md	697	jest.config.cjs	ALREADY_TRACKED
docs/reviews/global-audit-20260924/ISSUE_INVENTORY.md	697	jest.config.cjs	ALREADY_TRACKED
docs/reviews/global-audit-20260924/ISSUE_INVENTORY.md	697	backend/package.json	ALREADY_TRACKED
docs/reviews/global-audit-20260924/ISSUE_INVENTORY.md	697	.github/workflows/guard-client-branch.yml	ALREADY_TRACKED
docs/reviews/global-audit-20260924/ISSUE_INVENTORY.md	711	package.json	ALREADY_TRACKED
docs/reviews/global-audit-20260924/ISSUE_INVENTORY.md	711	.eslintrc.cjs	ALREADY_TRACKED
docs/reviews/global-audit-20260924/ISSUE_INVENTORY.md	711	.eslintrc.cjs	ALREADY_TRACKED
docs/reviews/global-audit-20260924/ISSUE_INVENTORY.md	725	package.json	ALREADY_TRACKED
docs/reviews/global-audit-20260924/ISSUE_INVENTORY.md	725	scripts/build-static.js	ALREADY_TRACKED
docs/reviews/global-audit-20260924/ISSUE_INVENTORY.md	725	deploy/deploy.sh	ALREADY_TRACKED
docs/reviews/global-audit-20260924/ISSUE_INVENTORY.md	739	backend/routes/schoolRoutes.js	ALREADY_TRACKED
docs/reviews/global-audit-20260924/ISSUE_INVENTORY.md	739	backend/routes/schoolRoutes.js	ALREADY_TRACKED
docs/reviews/global-audit-20260924/ISSUE_INVENTORY.md	739	backend/routes/schoolRoutes.js	ALREADY_TRACKED
docs/reviews/global-audit-20260924/ISSUE_INVENTORY.md	739	backend/routes/schoolRoutes.js	ALREADY_TRACKED
docs/reviews/global-audit-20260924/ISSUE_INVENTORY.md	753	.env.example	ALREADY_TRACKED
docs/reviews/global-audit-20260924/ISSUE_INVENTORY.md	753	backend/server.js	ALREADY_TRACKED
docs/reviews/global-audit-20260924/ISSUE_INVENTORY.md	767	backend/server.js	ALREADY_TRACKED
docs/reviews/global-audit-20260924/ISSUE_INVENTORY.md	767	backend/server.js	ALREADY_TRACKED
docs/reviews/global-audit-20260924/ISSUE_INVENTORY.md	767	.env.example	ALREADY_TRACKED
docs/reviews/global-audit-20260924/ISSUE_INVENTORY.md	781	backend/lib/backupKms.js	ALREADY_TRACKED
docs/reviews/global-audit-20260924/ISSUE_INVENTORY.md	781	backend/package.json	ALREADY_TRACKED
docs/reviews/global-audit-20260924/ISSUE_INVENTORY.md	781	scripts/setup-backup-kms.sh	ALREADY_TRACKED
docs/reviews/global-audit-20260924/ISSUE_INVENTORY.md	795	backend/routes/schoolRoutes.js	ALREADY_TRACKED
docs/reviews/global-audit-20260924/ISSUE_INVENTORY.md	795	backend/prisma/schema.prisma	ALREADY_TRACKED
docs/reviews/global-audit-20260924/ISSUE_INVENTORY.md	795	backend/routes/openApiRoutes.js	ALREADY_TRACKED
docs/reviews/global-audit-20260924/ISSUE_INVENTORY.md	809	backend/lib/restoreSqlUtils.js	ALREADY_TRACKED
docs/reviews/global-audit-20260924/ISSUE_INVENTORY.md	809	backend/lib/restoreService.js	ALREADY_TRACKED
docs/reviews/global-audit-20260924/ISSUE_INVENTORY.md	823	backend/lib/securityAlerts.js	ALREADY_TRACKED
docs/reviews/global-audit-20260924/ISSUE_INVENTORY.md	823	backend/lib/securityAlerts.js	ALREADY_TRACKED
docs/reviews/global-audit-20260924/ISSUE_INVENTORY.md	823	backend/lib/securityAlerts.js	ALREADY_TRACKED
docs/reviews/global-audit-20260924/VERIFICATION.md	94	docs/reviews/global-audit-20260924/probe-results.json	PUBLISHED_IN_THIS_COMMIT
docs/reviews/global-audit-20260924/phase2/FINAL_ARBITRATION_CHECKPOINT.md	33	docs/reviews/global-audit-20260924/phase2/FINAL_ARBITRATION_CHECKPOINT.md	PUBLISHED_IN_THIS_COMMIT
docs/reviews/global-audit-20260924/phase2/FINAL_ARBITRATION_CHECKPOINT.md	34	docs/reviews/global-audit-20260924/phase2/FINAL_SEVERITY_ARBITRATION.md	PUBLISHED_IN_THIS_COMMIT
docs/reviews/global-audit-20260924/phase2/FINAL_ARBITRATION_CHECKPOINT.md	35	docs/reviews/global-audit-20260924/phase2/FINAL_ARCHITECTURE_DECISIONS.md	PUBLISHED_IN_THIS_COMMIT
docs/reviews/global-audit-20260924/phase2/FINAL_ARBITRATION_CHECKPOINT.md	36	docs/reviews/global-audit-20260924/phase2/FINAL_REMEDIATION_WAVES.md	PUBLISHED_IN_THIS_COMMIT
docs/reviews/global-audit-20260924/phase2/FINAL_ARCHITECTURE_DECISIONS.md	5	docs/reviews/global-audit-20260924/phase2/ROOT_CAUSE_MATRIX.md	PUBLISHED_IN_THIS_COMMIT
docs/reviews/global-audit-20260924/phase2/FINAL_ARCHITECTURE_DECISIONS.md	5	docs/reviews/global-audit-20260924/phase2/PHASE2_MASTER_VERDICT.md	PUBLISHED_IN_THIS_COMMIT
docs/reviews/global-audit-20260924/phase2/FINAL_ARCHITECTURE_DECISIONS.md	5	docs/reviews/global-audit-20260924/phase2/REMEDIATION_DEPENDENCY_GRAPH.md	PUBLISHED_IN_THIS_COMMIT
docs/reviews/global-audit-20260924/phase2/FINAL_ARCHITECTURE_DECISIONS.md	5	docs/reviews/global-audit-20260924/phase2/FINAL_SEVERITY_ARBITRATION.md	PUBLISHED_IN_THIS_COMMIT
docs/reviews/global-audit-20260924/phase2/FINAL_ARCHITECTURE_DECISIONS.md	227	docs/reviews/global-audit-20260924/phase2/FINAL_REMEDIATION_WAVES.md	PUBLISHED_IN_THIS_COMMIT
docs/reviews/global-audit-20260924/phase2/FINAL_REMEDIATION_WAVES.md	5	docs/reviews/global-audit-20260924/phase2/REMEDIATION_DEPENDENCY_GRAPH.md	PUBLISHED_IN_THIS_COMMIT
docs/reviews/global-audit-20260924/phase2/FINAL_REMEDIATION_WAVES.md	7	docs/reviews/global-audit-20260924/phase2/FINAL_SEVERITY_ARBITRATION.md	PUBLISHED_IN_THIS_COMMIT
docs/reviews/global-audit-20260924/phase2/FINAL_REMEDIATION_WAVES.md	7	docs/reviews/global-audit-20260924/phase2/FINAL_ARCHITECTURE_DECISIONS.md	PUBLISHED_IN_THIS_COMMIT
docs/reviews/global-audit-20260924/phase2/FINAL_SEVERITY_ARBITRATION.md	5	docs/reviews/global-audit-20260924/phase2/PHASE2_MASTER_VERDICT.md	PUBLISHED_IN_THIS_COMMIT
docs/reviews/global-audit-20260924/phase2/FINAL_SEVERITY_ARBITRATION.md	5	docs/reviews/global-audit-20260924/phase2/ROOT_CAUSE_MATRIX.md	PUBLISHED_IN_THIS_COMMIT
docs/reviews/global-audit-20260924/phase2/FINAL_SEVERITY_ARBITRATION.md	5	docs/reviews/global-audit-20260924/phase2/REMEDIATION_DEPENDENCY_GRAPH.md	PUBLISHED_IN_THIS_COMMIT
docs/reviews/global-audit-20260924/phase2/FINAL_SEVERITY_ARBITRATION.md	28	docs/reviews/global-audit-20260924/ISSUE_INVENTORY.md	PUBLISHED_IN_THIS_COMMIT
docs/reviews/global-audit-20260924/phase2/FINAL_SEVERITY_ARBITRATION.md	28	docs/reviews/global-audit-20260924/phase2/BATCH-B-VERIFICATION.md	PUBLISHED_IN_THIS_COMMIT
docs/reviews/global-audit-20260924/phase2/FINAL_SEVERITY_ARBITRATION.md	37	docs/reviews/global-audit-20260924/ISSUE_INVENTORY.md	PUBLISHED_IN_THIS_COMMIT
docs/reviews/global-audit-20260924/phase2/FINAL_SEVERITY_ARBITRATION.md	37	docs/reviews/global-audit-20260924/phase2/BATCH-B-VERIFICATION.md	PUBLISHED_IN_THIS_COMMIT
docs/reviews/global-audit-20260924/phase2/FINAL_SEVERITY_ARBITRATION.md	46	docs/reviews/global-audit-20260924/ISSUE_INVENTORY.md	PUBLISHED_IN_THIS_COMMIT
docs/reviews/global-audit-20260924/phase2/FINAL_SEVERITY_ARBITRATION.md	46	docs/reviews/global-audit-20260924/phase2/BATCH-A-VERIFICATION.md	PUBLISHED_IN_THIS_COMMIT
docs/reviews/global-audit-20260924/phase2/FINAL_SEVERITY_ARBITRATION.md	55	docs/reviews/global-audit-20260924/ISSUE_INVENTORY.md	PUBLISHED_IN_THIS_COMMIT
docs/reviews/global-audit-20260924/phase2/FINAL_SEVERITY_ARBITRATION.md	55	docs/reviews/global-audit-20260924/phase2/BATCH-A-VERIFICATION.md	PUBLISHED_IN_THIS_COMMIT
docs/reviews/global-audit-20260924/phase2/FINAL_SEVERITY_ARBITRATION.md	64	docs/reviews/global-audit-20260924/ISSUE_INVENTORY.md	PUBLISHED_IN_THIS_COMMIT
docs/reviews/global-audit-20260924/phase2/FINAL_SEVERITY_ARBITRATION.md	64	docs/reviews/global-audit-20260924/phase2/BATCH-C-VERIFICATION.md	PUBLISHED_IN_THIS_COMMIT
docs/reviews/global-audit-20260924/phase2/FINAL_SEVERITY_ARBITRATION.md	73	docs/reviews/global-audit-20260924/ISSUE_INVENTORY.md	PUBLISHED_IN_THIS_COMMIT
docs/reviews/global-audit-20260924/phase2/FINAL_SEVERITY_ARBITRATION.md	73	docs/reviews/global-audit-20260924/phase2/BATCH-C-VERIFICATION.md	PUBLISHED_IN_THIS_COMMIT
docs/reviews/global-audit-20260924/phase2/FINAL_SEVERITY_ARBITRATION.md	83	docs/reviews/global-audit-20260924/ISSUE_INVENTORY.md	PUBLISHED_IN_THIS_COMMIT
docs/reviews/global-audit-20260924/phase2/FINAL_SEVERITY_ARBITRATION.md	83	docs/reviews/global-audit-20260924/phase2/BATCH-B-VERIFICATION.md	PUBLISHED_IN_THIS_COMMIT
docs/reviews/global-audit-20260924/phase2/FINAL_SEVERITY_ARBITRATION.md	117	docs/reviews/global-audit-20260924/phase2/FINAL_ARCHITECTURE_DECISIONS.md	PUBLISHED_IN_THIS_COMMIT
docs/reviews/global-audit-20260924/phase2/FINAL_SEVERITY_ARBITRATION.md	117	docs/reviews/global-audit-20260924/phase2/FINAL_REMEDIATION_WAVES.md	PUBLISHED_IN_THIS_COMMIT
docs/reviews/global-audit-20260924/phase3/BASELINE_TEST_CONTRACT.md	7	docs/reviews/global-audit-20260924/phase3/P3-PF-T01-R2_REVIEW.md	PUBLISHED_IN_THIS_COMMIT
docs/reviews/global-audit-20260924/phase3/BASELINE_TEST_CONTRACT.md	9	docs/reviews/global-audit-20260924/phase3/P3-PF-T01-R1_REVIEW.md	PUBLISHED_IN_THIS_COMMIT
docs/reviews/global-audit-20260924/phase3/BASELINE_TEST_CONTRACT.md	9	docs/reviews/global-audit-20260924/phase3/P3-PF-T01-R2_REWORK_PATCH_PROMPT.md	PUBLISHED_IN_THIS_COMMIT
docs/reviews/global-audit-20260924/phase3/BASELINE_TEST_CONTRACT.md	13	docs/reviews/global-audit-20260924/phase3/P3-PF-T01_REVIEW.md	PUBLISHED_IN_THIS_COMMIT
docs/reviews/global-audit-20260924/phase3/BASELINE_TEST_CONTRACT.md	17	docs/reviews/global-audit-20260924/VERIFICATION.md	PUBLISHED_IN_THIS_COMMIT
docs/reviews/global-audit-20260924/phase3/ORCHESTRATOR_STATE.md	5	docs/AI_review/Codex-GPT6/P3-CLOSE-B-R19_REVIEW.md	PUBLISHED_IN_THIS_COMMIT
docs/reviews/global-audit-20260924/phase3/ORCHESTRATOR_STATE.md	9	docs/AI_review/Codex-GPT6/P3-R18_CONTRACTS_REVIEW.md	PUBLISHED_IN_THIS_COMMIT
docs/reviews/global-audit-20260924/phase3/ORCHESTRATOR_STATE.md	9	docs/reviews/global-audit-20260924/phase3/P3-NEXT_RELAY_R18_PROMPT.md	PUBLISHED_IN_THIS_COMMIT
docs/reviews/global-audit-20260924/phase3/ORCHESTRATOR_STATE.md	13	docs/AI_review/Codex-GPT6/P3-CLOSE-B-R17_REVIEW.md	PUBLISHED_IN_THIS_COMMIT
docs/reviews/global-audit-20260924/phase3/ORCHESTRATOR_STATE.md	13	docs/reviews/global-audit-20260924/phase3/P3-NEXT_RELAY_R17_PROMPTS.md	PUBLISHED_IN_THIS_COMMIT
docs/reviews/global-audit-20260924/phase3/ORCHESTRATOR_STATE.md	17	docs/AI_review/Codex-GPT6/P3-R16_LIFECYCLE_CROSS_REVIEW.md	PUBLISHED_IN_THIS_COMMIT
docs/reviews/global-audit-20260924/phase3/ORCHESTRATOR_STATE.md	17	docs/reviews/global-audit-20260924/phase3/P3-NEXT_RELAY_R16_PROMPT.md	PUBLISHED_IN_THIS_COMMIT
docs/reviews/global-audit-20260924/phase3/ORCHESTRATOR_STATE.md	21	docs/AI_review/Codex-GPT6/P3-LIFECYCLE-AB-R15_REVIEW.md	PUBLISHED_IN_THIS_COMMIT
docs/reviews/global-audit-20260924/phase3/ORCHESTRATOR_STATE.md	21	docs/reviews/global-audit-20260924/phase3/P3-NEXT_RELAY_R15_PROMPTS.md	PUBLISHED_IN_THIS_COMMIT
docs/reviews/global-audit-20260924/phase3/ORCHESTRATOR_STATE.md	25	docs/AI_review/Codex-GPT6/P3-LIFECYCLE-AB-R14_REVIEW.md	PUBLISHED_IN_THIS_COMMIT
docs/reviews/global-audit-20260924/phase3/ORCHESTRATOR_STATE.md	25	docs/reviews/global-audit-20260924/phase3/P3-NEXT_RELAY_R14_PROMPT.md	PUBLISHED_IN_THIS_COMMIT
docs/reviews/global-audit-20260924/phase3/ORCHESTRATOR_STATE.md	29	docs/AI_review/Codex-GPT6/P3-LIFECYCLE-AB-R13_REVIEW.md	PUBLISHED_IN_THIS_COMMIT
docs/reviews/global-audit-20260924/phase3/ORCHESTRATOR_STATE.md	29	docs/reviews/global-audit-20260924/phase3/P3-NEXT_RELAY_R13_PROMPT.md	PUBLISHED_IN_THIS_COMMIT
docs/reviews/global-audit-20260924/phase3/ORCHESTRATOR_STATE.md	33	docs/AI_review/Codex-GPT6/P3-FIXTURE-14CHAIN-R12_REVIEW.md	PUBLISHED_IN_THIS_COMMIT
docs/reviews/global-audit-20260924/phase3/ORCHESTRATOR_STATE.md	33	docs/reviews/global-audit-20260924/phase3/P3-NEXT_RELAY_R12_PROMPT.md	PUBLISHED_IN_THIS_COMMIT
docs/reviews/global-audit-20260924/phase3/ORCHESTRATOR_STATE.md	37	docs/AI_review/Codex-GPT6/P3-PARALLEL-R11_REVIEW.md	PUBLISHED_IN_THIS_COMMIT
docs/reviews/global-audit-20260924/phase3/ORCHESTRATOR_STATE.md	37	docs/reviews/global-audit-20260924/phase3/P3-NEXT_RELAY_R11_PROMPTS.md	PUBLISHED_IN_THIS_COMMIT
docs/reviews/global-audit-20260924/phase3/ORCHESTRATOR_STATE.md	41	docs/AI_review/Codex-GPT6/P3-R10_CONCURRENT_EXECUTION_REVIEW.md	PUBLISHED_IN_THIS_COMMIT
docs/reviews/global-audit-20260924/phase3/ORCHESTRATOR_STATE.md	45	docs/AI_review/Codex-GPT6/P3-PARALLEL-R10_REVIEW.md	PUBLISHED_IN_THIS_COMMIT
docs/reviews/global-audit-20260924/phase3/ORCHESTRATOR_STATE.md	45	docs/reviews/global-audit-20260924/phase3/P3-NEXT_WAVE_R10_PROMPTS.md	PUBLISHED_IN_THIS_COMMIT
docs/reviews/global-audit-20260924/phase3/ORCHESTRATOR_STATE.md	49	docs/AI_review/Codex-GPT6/P3-PARALLEL-R9_REVIEW.md	PUBLISHED_IN_THIS_COMMIT
docs/reviews/global-audit-20260924/phase3/ORCHESTRATOR_STATE.md	49	docs/reviews/global-audit-20260924/phase3/P3-NEXT_WAVE_R9_PROMPTS.md	PUBLISHED_IN_THIS_COMMIT
docs/reviews/global-audit-20260924/phase3/ORCHESTRATOR_STATE.md	53	docs/AI_review/Codex-GPT6/P3-PARALLEL-R8_REVIEW.md	PUBLISHED_IN_THIS_COMMIT
docs/reviews/global-audit-20260924/phase3/ORCHESTRATOR_STATE.md	53	docs/reviews/global-audit-20260924/phase3/P3-NEXT_WAVE_R8_PROMPTS.md	PUBLISHED_IN_THIS_COMMIT
docs/reviews/global-audit-20260924/phase3/ORCHESTRATOR_STATE.md	57	docs/AI_review/Codex-GPT6/P3-PARALLEL-R7_REVIEW.md	PUBLISHED_IN_THIS_COMMIT
docs/reviews/global-audit-20260924/phase3/ORCHESTRATOR_STATE.md	57	docs/reviews/global-audit-20260924/phase3/P3-NEXT_WAVE_R7_PROMPTS.md	PUBLISHED_IN_THIS_COMMIT
docs/reviews/global-audit-20260924/phase3/ORCHESTRATOR_STATE.md	61	docs/AI_review/Codex-GPT6/P3-PARALLEL-R6_REVIEW.md	PUBLISHED_IN_THIS_COMMIT
docs/reviews/global-audit-20260924/phase3/ORCHESTRATOR_STATE.md	61	docs/reviews/global-audit-20260924/phase3/P3-NEXT_WAVE_R6_PROMPTS.md	PUBLISHED_IN_THIS_COMMIT
docs/reviews/global-audit-20260924/phase3/ORCHESTRATOR_STATE.md	65	docs/AI_review/Codex-GPT6/P3-PARALLEL-R5_REVIEW.md	PUBLISHED_IN_THIS_COMMIT
docs/reviews/global-audit-20260924/phase3/ORCHESTRATOR_STATE.md	65	docs/reviews/global-audit-20260924/phase3/P3-NEXT_WAVE_R5_PROMPTS.md	PUBLISHED_IN_THIS_COMMIT
docs/reviews/global-audit-20260924/phase3/ORCHESTRATOR_STATE.md	69	docs/AI_review/Codex-GPT6/P3-PARALLEL-R4_REVIEW.md	PUBLISHED_IN_THIS_COMMIT
docs/reviews/global-audit-20260924/phase3/ORCHESTRATOR_STATE.md	69	docs/reviews/global-audit-20260924/phase3/P3-NEXT_WAVE_R4_PROMPTS.md	PUBLISHED_IN_THIS_COMMIT
docs/reviews/global-audit-20260924/phase3/ORCHESTRATOR_STATE.md	73	docs/AI_review/REVIEW_CONTINUITY_HANDOFF.md	PUBLISHED_IN_THIS_COMMIT
docs/reviews/global-audit-20260924/phase3/ORCHESTRATOR_STATE.md	73	docs/AI_review/Codex-GPT6/P3-PARALLEL-R3_REVIEW.md	PUBLISHED_IN_THIS_COMMIT
docs/reviews/global-audit-20260924/phase3/ORCHESTRATOR_STATE.md	73	docs/reviews/global-audit-20260924/phase3/P3-NEXT_WAVE_PROMPTS.md	PUBLISHED_IN_THIS_COMMIT
docs/reviews/global-audit-20260924/phase3/ORCHESTRATOR_STATE.md	100	docs/reviews/global-audit-20260924/phase3/MODEL_AND_CONTEXT_HANDOFF.md	PUBLISHED_IN_THIS_COMMIT
docs/reviews/global-audit-20260924/phase3/ORCHESTRATOR_STATE.md	104	docs/reviews/global-audit-20260924/phase3/PREFLIGHT_REPORT.md	PUBLISHED_IN_THIS_COMMIT
docs/reviews/global-audit-20260924/phase3/ORCHESTRATOR_STATE.md	104	docs/reviews/global-audit-20260924/phase3/BASELINE_TEST_CONTRACT.md	PUBLISHED_IN_THIS_COMMIT
docs/reviews/global-audit-20260924/phase3/ORCHESTRATOR_STATE.md	106	docs/reviews/global-audit-20260924/phase3/AUDIT_EVIDENCE_MANIFEST.json	PUBLISHED_IN_THIS_COMMIT
docs/reviews/global-audit-20260924/phase3/ORCHESTRATOR_STATE.md	118	docs/reviews/global-audit-20260924/phase3/MODEL_AND_CONTEXT_HANDOFF.md	PUBLISHED_IN_THIS_COMMIT
docs/reviews/global-audit-20260924/phase3/P3-CONS-T01_TASK_PACKET.md	5	docs/reviews/global-audit-20260924/phase3/P3-PARALLEL-R1_REVIEW.md	PUBLISHED_IN_THIS_COMMIT
docs/reviews/global-audit-20260924/phase3/P3-NEXT_WAVE_PROMPTS.md	3	docs/reviews/global-audit-20260924/phase3/P3-PARALLEL-R3_REVIEW.md	PUBLISHED_IN_THIS_COMMIT
docs/reviews/global-audit-20260924/phase3/P3-NEXT_WAVE_PROMPTS.md	3	docs/reviews/global-audit-20260924/phase3/REVIEW_LOG_MASTER.md	PUBLISHED_IN_THIS_COMMIT
docs/reviews/global-audit-20260924/phase3/P3-NEXT_WAVE_R4_PROMPTS.md	3	docs/AI_review/Codex-GPT6/P3-PARALLEL-R4_REVIEW.md	PUBLISHED_IN_THIS_COMMIT
docs/reviews/global-audit-20260924/phase3/P3-NEXT_WAVE_R5_PROMPTS.md	3	docs/AI_review/Codex-GPT6/P3-PARALLEL-R5_REVIEW.md	PUBLISHED_IN_THIS_COMMIT
docs/reviews/global-audit-20260924/phase3/P3-NEXT_WAVE_R6_PROMPTS.md	3	docs/AI_review/Codex-GPT6/P3-PARALLEL-R6_REVIEW.md	PUBLISHED_IN_THIS_COMMIT
docs/reviews/global-audit-20260924/phase3/P3-NEXT_WAVE_R7_PROMPTS.md	3	docs/AI_review/Codex-GPT6/P3-PARALLEL-R7_REVIEW.md	PUBLISHED_IN_THIS_COMMIT
docs/reviews/global-audit-20260924/phase3/P3-NEXT_WAVE_R7_PROMPTS.md	21	docs/AI_review/Codex-GPT6/P3-PARALLEL-R7_REVIEW.md	PUBLISHED_IN_THIS_COMMIT
docs/reviews/global-audit-20260924/phase3/P3-PARALLEL-R3_REVIEW.md	33	docs/reviews/global-audit-20260924/phase3/P3-NEXT_WAVE_PROMPTS.md	PUBLISHED_IN_THIS_COMMIT
docs/reviews/global-audit-20260924/phase3/P3-PF-T01-R1_REVIEW.md	45	docs/reviews/global-audit-20260924/phase3/P3-PF-T01-R2_REWORK_PATCH_PROMPT.md	PUBLISHED_IN_THIS_COMMIT
docs/reviews/global-audit-20260924/phase3/P3-PF-T01-R2_REVIEW.md	36	docs/reviews/global-audit-20260924/phase3/P3-W0-T01_TASK_PACKET.md	PUBLISHED_IN_THIS_COMMIT
docs/reviews/global-audit-20260924/phase3/P3-PF-T01_REVIEW.md	40	docs/reviews/global-audit-20260924/phase3/P3-PF-T01_REWORK_PATCH_PROMPT.md	PUBLISHED_IN_THIS_COMMIT
docs/reviews/global-audit-20260924/phase3/P3-R10_CONCURRENT_CORRECTION_PROMPTS.md	3	docs/AI_review/Codex-GPT6/P3-R10_CONCURRENT_EXECUTION_REVIEW.md	PUBLISHED_IN_THIS_COMMIT
docs/reviews/global-audit-20260924/phase3/P3-W0-T01-R1_REVIEW.md	39	docs/reviews/global-audit-20260924/phase3/P3-W0-T01-R2_REWORK_PATCH_PROMPT.md	PUBLISHED_IN_THIS_COMMIT
docs/reviews/global-audit-20260924/phase3/P3-W0-T01-R2_REVIEW.md	36	docs/reviews/global-audit-20260924/phase3/P3-W0-T01-R3_REWORK_PATCH_PROMPT.md	PUBLISHED_IN_THIS_COMMIT
docs/reviews/global-audit-20260924/phase3/P3-W0-T01-R3_REVIEW.md	36	docs/reviews/global-audit-20260924/phase3/P3-W0-T01-R4_REWORK_PATCH_PROMPT.md	PUBLISHED_IN_THIS_COMMIT
docs/reviews/global-audit-20260924/phase3/P3-W0-T01-R4_REVIEW.md	39	docs/reviews/global-audit-20260924/phase3/P3-W0-T02A_TASK_PACKET.md	PUBLISHED_IN_THIS_COMMIT
docs/reviews/global-audit-20260924/phase3/P3-W0-T01_REVIEW.md	47	docs/reviews/global-audit-20260924/phase3/P3-W0-T01-R1_REWORK_PATCH_PROMPT.md	PUBLISHED_IN_THIS_COMMIT
docs/reviews/global-audit-20260924/phase3/P3-W0-T02A-R1_REVIEW.md	43	docs/reviews/global-audit-20260924/phase3/P3-W0-T02A-R2_REWORK_PATCH_PROMPT.md	PUBLISHED_IN_THIS_COMMIT
docs/reviews/global-audit-20260924/phase3/P3-W0-T02A-R2_REVIEW.md	44	docs/reviews/global-audit-20260924/phase3/P3-W0-T02A-R3_REWORK_PATCH_PROMPT.md	PUBLISHED_IN_THIS_COMMIT
docs/reviews/global-audit-20260924/phase3/P3-W0-T02A-R2_REVIEW.md	44	docs/reviews/global-audit-20260924/phase3/P3-W0-T02A-R2_REVIEW_INPUT_MANIFEST.json	PUBLISHED_IN_THIS_COMMIT
docs/reviews/global-audit-20260924/phase3/P3-W0-T02A-R3_REVIEW.md	32	docs/reviews/global-audit-20260924/phase3/P3-W0-T02A-R4_REWORK_PATCH_PROMPT.md	PUBLISHED_IN_THIS_COMMIT
docs/reviews/global-audit-20260924/phase3/P3-W0-T02A-R3_REVIEW.md	32	docs/reviews/global-audit-20260924/phase3/P3-W0-T02A-R3_REVIEW_INPUT_MANIFEST.json	PUBLISHED_IN_THIS_COMMIT
docs/reviews/global-audit-20260924/phase3/P3-W0-T02A-R4_REVIEW.md	21	docs/reviews/global-audit-20260924/phase3/P3-W0-T02B_TASK_PACKET.md	PUBLISHED_IN_THIS_COMMIT
docs/reviews/global-audit-20260924/phase3/P3-W0-T02A-R4_REVIEW.md	21	docs/reviews/global-audit-20260924/phase3/P3-W0-T02B_INPUT_MANIFEST.json	PUBLISHED_IN_THIS_COMMIT
docs/reviews/global-audit-20260924/phase3/P3-W0-T02A_REVIEW.md	46	docs/reviews/global-audit-20260924/phase3/P3-W0-T02A-R1_REWORK_PATCH_PROMPT.md	PUBLISHED_IN_THIS_COMMIT
docs/reviews/global-audit-20260924/phase3/P3-W0-T02B-R1_REVIEW.md	19	docs/reviews/global-audit-20260924/phase3/P3-W0-T02B-R2_REWORK_PATCH_PROMPT.md	PUBLISHED_IN_THIS_COMMIT
docs/reviews/global-audit-20260924/phase3/P3-W0-T02B-R1_REVIEW.md	19	docs/reviews/global-audit-20260924/phase3/P3-W0-T02B-R2_REVIEW_INPUT_MANIFEST.json	PUBLISHED_IN_THIS_COMMIT
docs/reviews/global-audit-20260924/phase3/P3-W0-T02B-R1_REWORK_PATCH_PROMPT.md	5	docs/reviews/global-audit-20260924/phase3/P3-W0-T02B_REVIEW.md	PUBLISHED_IN_THIS_COMMIT
docs/reviews/global-audit-20260924/phase3/P3-W0-T02B-R1_REWORK_PATCH_PROMPT.md	7	docs/reviews/global-audit-20260924/phase3/P3-W0-T02B-R1_REVIEW_INPUT_MANIFEST.json	PUBLISHED_IN_THIS_COMMIT
docs/reviews/global-audit-20260924/phase3/P3-W0-T02B-R2_REVIEW.md	38	docs/reviews/global-audit-20260924/phase3/P3-W0-T02C_TASK_PACKET.md	PUBLISHED_IN_THIS_COMMIT
docs/reviews/global-audit-20260924/phase3/P3-W0-T02B-R2_REVIEW.md	38	docs/reviews/global-audit-20260924/phase3/P3-W0-T02C_REVIEW_INPUT_MANIFEST.json	PUBLISHED_IN_THIS_COMMIT
docs/reviews/global-audit-20260924/phase3/P3-W0-T02B-R2_REWORK_PATCH_PROMPT.md	5	docs/reviews/global-audit-20260924/phase3/P3-W0-T02B-R1_REVIEW.md	PUBLISHED_IN_THIS_COMMIT
docs/reviews/global-audit-20260924/phase3/P3-W0-T02B-R2_REWORK_PATCH_PROMPT.md	7	docs/reviews/global-audit-20260924/phase3/P3-W0-T02B-R2_REVIEW_INPUT_MANIFEST.json	PUBLISHED_IN_THIS_COMMIT
docs/reviews/global-audit-20260924/phase3/P3-W0-T02B_REVIEW.md	21	docs/reviews/global-audit-20260924/phase3/P3-W0-T02B-R1_REWORK_PATCH_PROMPT.md	PUBLISHED_IN_THIS_COMMIT
docs/reviews/global-audit-20260924/phase3/P3-W0-T02B_REVIEW.md	21	docs/reviews/global-audit-20260924/phase3/P3-W0-T02B-R1_REVIEW_INPUT_MANIFEST.json	PUBLISHED_IN_THIS_COMMIT
docs/reviews/global-audit-20260924/phase3/P3-W0-T02C_TASK_PACKET.md	5	docs/reviews/global-audit-20260924/phase3/P3-W0-T02B-R2_REVIEW.md	PUBLISHED_IN_THIS_COMMIT
docs/reviews/global-audit-20260924/phase3/P3-W0-T02C_TASK_PACKET.md	7	docs/reviews/global-audit-20260924/phase3/P3-W0-T02B-R2_REVIEW.md	PUBLISHED_IN_THIS_COMMIT
docs/reviews/global-audit-20260924/phase3/P3-W0-T02C_TASK_PACKET.md	7	docs/reviews/global-audit-20260924/phase3/P3-W0-T02C_REVIEW_INPUT_MANIFEST.json	PUBLISHED_IN_THIS_COMMIT
docs/reviews/global-audit-20260924/phase3/P3-W0-T02D_TASK_PACKET.md	5	docs/reviews/global-audit-20260924/phase3/P3-W0-T02C_REVIEW.md	PUBLISHED_IN_THIS_COMMIT
docs/reviews/global-audit-20260924/phase3/P3-W0-T02D_TASK_PACKET.md	7	docs/reviews/global-audit-20260924/phase3/P3-W0-T02C_REVIEW.md	PUBLISHED_IN_THIS_COMMIT
docs/reviews/global-audit-20260924/phase3/P3-W0-T02D_TASK_PACKET.md	7	docs/reviews/global-audit-20260924/phase3/P3-W0-T02D_REVIEW_INPUT_MANIFEST.json	PUBLISHED_IN_THIS_COMMIT
docs/reviews/global-audit-20260924/phase3/P3-W2-T01-R1_TASK_PACKET.md	5	docs/reviews/global-audit-20260924/phase3/P3-PARALLEL-R2_REVIEW.md	PUBLISHED_IN_THIS_COMMIT
docs/reviews/global-audit-20260924/phase3/PREFLIGHT_REPORT.md	5	docs/reviews/global-audit-20260924/phase3/P3-PF-T01-R2_REVIEW.md	PUBLISHED_IN_THIS_COMMIT
docs/reviews/global-audit-20260924/phase3/PREFLIGHT_REPORT.md	5	docs/reviews/global-audit-20260924/phase3/P3-W0-T01_TASK_PACKET.md	PUBLISHED_IN_THIS_COMMIT
docs/reviews/global-audit-20260924/phase3/PREFLIGHT_REPORT.md	5	docs/reviews/global-audit-20260924/phase3/ORCHESTRATOR_STATE.md	PUBLISHED_IN_THIS_COMMIT
docs/reviews/global-audit-20260924/phase3/PREFLIGHT_REPORT.md	67	docs/reviews/global-audit-20260924/phase3/BASELINE_TEST_CONTRACT.md	PUBLISHED_IN_THIS_COMMIT
docs/reviews/global-audit-20260924/phase3/PREFLIGHT_REPORT.md	69	docs/reviews/global-audit-20260924/phase3/AUDIT_EVIDENCE_MANIFEST.json	PUBLISHED_IN_THIS_COMMIT
docs/reviews/global-audit-20260924/phase3/REVIEW_LOG_MASTER.md	3	docs/AI_review/Codex-GPT6/P3-CLOSE-B-R19_REVIEW.md	PUBLISHED_IN_THIS_COMMIT
docs/reviews/global-audit-20260924/phase3/REVIEW_LOG_MASTER.md	5	docs/AI_review/Codex-GPT6/P3-R18_CONTRACTS_REVIEW.md	PUBLISHED_IN_THIS_COMMIT
docs/reviews/global-audit-20260924/phase3/REVIEW_LOG_MASTER.md	5	docs/reviews/global-audit-20260924/phase3/P3-NEXT_RELAY_R18_PROMPT.md	PUBLISHED_IN_THIS_COMMIT
docs/reviews/global-audit-20260924/phase3/REVIEW_LOG_MASTER.md	7	docs/AI_review/Codex-GPT6/P3-CLOSE-B-R17_REVIEW.md	PUBLISHED_IN_THIS_COMMIT
docs/reviews/global-audit-20260924/phase3/REVIEW_LOG_MASTER.md	7	docs/reviews/global-audit-20260924/phase3/P3-NEXT_RELAY_R17_PROMPTS.md	PUBLISHED_IN_THIS_COMMIT
docs/reviews/global-audit-20260924/phase3/REVIEW_LOG_MASTER.md	9	docs/AI_review/Codex-GPT6/P3-R16_LIFECYCLE_CROSS_REVIEW.md	PUBLISHED_IN_THIS_COMMIT
docs/reviews/global-audit-20260924/phase3/REVIEW_LOG_MASTER.md	9	docs/reviews/global-audit-20260924/phase3/P3-NEXT_RELAY_R16_PROMPT.md	PUBLISHED_IN_THIS_COMMIT
docs/reviews/global-audit-20260924/phase3/REVIEW_LOG_MASTER.md	11	docs/AI_review/Codex-GPT6/P3-LIFECYCLE-AB-R15_REVIEW.md	PUBLISHED_IN_THIS_COMMIT
docs/reviews/global-audit-20260924/phase3/REVIEW_LOG_MASTER.md	11	docs/reviews/global-audit-20260924/phase3/P3-NEXT_RELAY_R15_PROMPTS.md	PUBLISHED_IN_THIS_COMMIT
docs/reviews/global-audit-20260924/phase3/REVIEW_LOG_MASTER.md	13	docs/AI_review/Codex-GPT6/P3-LIFECYCLE-AB-R14_REVIEW.md	PUBLISHED_IN_THIS_COMMIT
docs/reviews/global-audit-20260924/phase3/REVIEW_LOG_MASTER.md	13	docs/reviews/global-audit-20260924/phase3/P3-NEXT_RELAY_R14_PROMPT.md	PUBLISHED_IN_THIS_COMMIT
docs/reviews/global-audit-20260924/phase3/REVIEW_LOG_MASTER.md	15	docs/AI_review/Codex-GPT6/P3-LIFECYCLE-AB-R13_REVIEW.md	PUBLISHED_IN_THIS_COMMIT
docs/reviews/global-audit-20260924/phase3/REVIEW_LOG_MASTER.md	15	docs/reviews/global-audit-20260924/phase3/P3-NEXT_RELAY_R13_PROMPT.md	PUBLISHED_IN_THIS_COMMIT
docs/reviews/global-audit-20260924/phase3/REVIEW_LOG_MASTER.md	17	docs/AI_review/Codex-GPT6/P3-FIXTURE-14CHAIN-R12_REVIEW.md	PUBLISHED_IN_THIS_COMMIT
docs/reviews/global-audit-20260924/phase3/REVIEW_LOG_MASTER.md	17	docs/reviews/global-audit-20260924/phase3/P3-NEXT_RELAY_R12_PROMPT.md	PUBLISHED_IN_THIS_COMMIT
docs/reviews/global-audit-20260924/phase3/REVIEW_LOG_MASTER.md	19	docs/AI_review/Codex-GPT6/P3-PARALLEL-R11_REVIEW.md	PUBLISHED_IN_THIS_COMMIT
docs/reviews/global-audit-20260924/phase3/REVIEW_LOG_MASTER.md	19	docs/reviews/global-audit-20260924/phase3/P3-NEXT_RELAY_R11_PROMPTS.md	PUBLISHED_IN_THIS_COMMIT
docs/reviews/global-audit-20260924/phase3/REVIEW_LOG_MASTER.md	21	docs/AI_review/Codex-GPT6/P3-R10_CONCURRENT_EXECUTION_REVIEW.md	PUBLISHED_IN_THIS_COMMIT
docs/reviews/global-audit-20260924/phase3/REVIEW_LOG_MASTER.md	21	docs/reviews/global-audit-20260924/phase3/P3-R10_CONCURRENT_CORRECTION_PROMPTS.md	PUBLISHED_IN_THIS_COMMIT
docs/reviews/global-audit-20260924/phase3/REVIEW_LOG_MASTER.md	23	docs/AI_review/Codex-GPT6/P3-PARALLEL-R10_REVIEW.md	PUBLISHED_IN_THIS_COMMIT
docs/reviews/global-audit-20260924/phase3/REVIEW_LOG_MASTER.md	23	docs/reviews/global-audit-20260924/phase3/P3-NEXT_WAVE_R10_PROMPTS.md	PUBLISHED_IN_THIS_COMMIT
docs/reviews/global-audit-20260924/phase3/REVIEW_LOG_MASTER.md	25	docs/AI_review/Codex-GPT6/P3-PARALLEL-R9_REVIEW.md	PUBLISHED_IN_THIS_COMMIT
docs/reviews/global-audit-20260924/phase3/REVIEW_LOG_MASTER.md	25	docs/reviews/global-audit-20260924/phase3/P3-NEXT_WAVE_R9_PROMPTS.md	PUBLISHED_IN_THIS_COMMIT
docs/reviews/global-audit-20260924/phase3/REVIEW_LOG_MASTER.md	27	docs/AI_review/Codex-GPT6/P3-PARALLEL-R8_REVIEW.md	PUBLISHED_IN_THIS_COMMIT
docs/reviews/global-audit-20260924/phase3/REVIEW_LOG_MASTER.md	27	docs/reviews/global-audit-20260924/phase3/P3-NEXT_WAVE_R8_PROMPTS.md	PUBLISHED_IN_THIS_COMMIT
docs/reviews/global-audit-20260924/phase3/REVIEW_LOG_MASTER.md	29	docs/AI_review/Codex-GPT6/P3-PARALLEL-R7_REVIEW.md	PUBLISHED_IN_THIS_COMMIT
docs/reviews/global-audit-20260924/phase3/REVIEW_LOG_MASTER.md	29	docs/reviews/global-audit-20260924/phase3/P3-NEXT_WAVE_R7_PROMPTS.md	PUBLISHED_IN_THIS_COMMIT
docs/reviews/global-audit-20260924/phase3/REVIEW_LOG_MASTER.md	31	docs/AI_review/Codex-GPT6/P3-PARALLEL-R6_REVIEW.md	PUBLISHED_IN_THIS_COMMIT
docs/reviews/global-audit-20260924/phase3/REVIEW_LOG_MASTER.md	31	docs/reviews/global-audit-20260924/phase3/P3-NEXT_WAVE_R6_PROMPTS.md	PUBLISHED_IN_THIS_COMMIT
docs/reviews/global-audit-20260924/phase3/REVIEW_LOG_MASTER.md	33	docs/AI_review/Codex-GPT6/P3-PARALLEL-R5_REVIEW.md	PUBLISHED_IN_THIS_COMMIT
docs/reviews/global-audit-20260924/phase3/REVIEW_LOG_MASTER.md	33	docs/reviews/global-audit-20260924/phase3/P3-NEXT_WAVE_R5_PROMPTS.md	PUBLISHED_IN_THIS_COMMIT
docs/reviews/global-audit-20260924/phase3/REVIEW_LOG_MASTER.md	35	docs/AI_review/Codex-GPT6/P3-PARALLEL-R4_REVIEW.md	PUBLISHED_IN_THIS_COMMIT
docs/reviews/global-audit-20260924/phase3/REVIEW_LOG_MASTER.md	35	docs/reviews/global-audit-20260924/phase3/P3-NEXT_WAVE_R4_PROMPTS.md	PUBLISHED_IN_THIS_COMMIT
docs/reviews/global-audit-20260924/phase3/REVIEW_LOG_MASTER.md	137	docs/AI_review/REVIEW_CONTINUITY_HANDOFF.md	PUBLISHED_IN_THIS_COMMIT
docs/reviews/global-audit-20260924/phase3/REVIEW_LOG_MASTER.md	137	docs/AI_review/Codex-GPT6/P3-PARALLEL-R3_REVIEW.md	PUBLISHED_IN_THIS_COMMIT
docs/reviews/global-audit-20260924/phase3/REVIEW_LOG_MASTER.md	137	docs/reviews/global-audit-20260924/phase3/P3-NEXT_WAVE_PROMPTS.md	PUBLISHED_IN_THIS_COMMIT
